/* CREATE TABLE */

 
 CREATE TABLE Enero_1960(Dia VARCHAR(100),
 Sid_t VARCHAR(100),
 Sol VARCHAR(100),
 Luna VARCHAR(100),
 Mercurio VARCHAR(100),
 Venus VARCHAR(100),
 Marte VARCHAR(100),																	
 Jupiter VARCHAR(100),
 Saturno VARCHAR(100),
 Urano VARCHAR(100),
 Neptuno VARCHAR(100),
 Pluton VARCHAR(100),
 Nodo_Verdadero VARCHAR(100),
 Nodo_Medio VARCHAR(100),
 Lilith VARCHAR(100),
 Quiron VARCHAR(100),
  ID int AUTO_INCREMENT,
Dummy2 VARCHAR(100), primary key (ID));
 

/* INSERT QUERY */INSERT INTO Enero_1960(Dia,Sid_t,Sol,Luna,Mercurio,Venus,Marte,Jupiter,Saturno,Urano,Neptuno,Pluton,Nodo_Verdadero,Nodo_Medio,Lilith,Quiron,Dummy2) VALUES( 'F   1','6 38 38','9Capricornio34’29','10Acuario16','24Sagitario58','28Escorpion22','20Sagitario18','18Sagitario44','9Capricornio27','20°R32','8Escorpion41','6°R  2','28°R  1','28Virgo44','15Geminis38','24Acuario25','');
/* INSERT QUERY */INSERT INTO Enero_1960(Dia,Sid_t,Sol,Luna,Mercurio,Venus,Marte,Jupiter,Saturno,Urano,Neptuno,Pluton,Nodo_Verdadero,Nodo_Medio,Lilith,Quiron,Dummy2) VALUES( 'S   2','6 42 35','10°35’40','24°35','26°27','29°34','21°  2','18°57','9°34','20Leo31','8°43','6Virgo 1','27Virgo55','28°40','15°45','24°28','');
/* INSERT QUERY */INSERT INTO Enero_1960(Dia,Sid_t,Sol,Luna,Mercurio,Venus,Marte,Jupiter,Saturno,Urano,Neptuno,Pluton,Nodo_Verdadero,Nodo_Medio,Lilith,Quiron,Dummy2) VALUES( 'S   3','6 46 31','11°36’51','8Piscis24','27°58','0Sagitario46','21°46','19°10','9°42','20°29','8°44','6° 0','27°51','28°37','15°52','24°32','');
/* INSERT QUERY */INSERT INTO Enero_1960(Dia,Sid_t,Sol,Luna,Mercurio,Venus,Marte,Jupiter,Saturno,Urano,Neptuno,Pluton,Nodo_Verdadero,Nodo_Medio,Lilith,Quiron,Dummy2) VALUES( 'M 4','6 50 28','12°38’01','21°43','29°28','1°57','22°30','19°23','9°49','20°27','8°45','6° 0','27°50','28°34','15°59','24°35','');
/* INSERT QUERY */INSERT INTO Enero_1960(Dia,Sid_t,Sol,Luna,Mercurio,Venus,Marte,Jupiter,Saturno,Urano,Neptuno,Pluton,Nodo_Verdadero,Nodo_Medio,Lilith,Quiron,Dummy2) VALUES( 'T  5','6 54 25','13°39’12','4Aries36','0Capricornio59','3° 9','23°14','19°36','9°56','20°25','8°46','5°59','27°D50','28°31','16°  5','24°38','');
/* INSERT QUERY */INSERT INTO Enero_1960(Dia,Sid_t,Sol,Luna,Mercurio,Venus,Marte,Jupiter,Saturno,Urano,Neptuno,Pluton,Nodo_Verdadero,Nodo_Medio,Lilith,Quiron,Dummy2) VALUES( 'W 6','6 58 21','14°40’21','17°  6','2°31','4°21','23°58','19°49','10°  3','20°23','8°48','5°58','27°R50','28°28','16°12','24°42','');
/* INSERT QUERY */INSERT INTO Enero_1960(Dia,Sid_t,Sol,Luna,Mercurio,Venus,Marte,Jupiter,Saturno,Urano,Neptuno,Pluton,Nodo_Verdadero,Nodo_Medio,Lilith,Quiron,Dummy2) VALUES( 'T  7','7   2 18','15°41’31','29°18','4° 3','5°33','24°42','20°  2','10°10','20°21','8°49','5°57','27°49','28°24','16°19','24°45','');
/* INSERT QUERY */INSERT INTO Enero_1960(Dia,Sid_t,Sol,Luna,Mercurio,Venus,Marte,Jupiter,Saturno,Urano,Neptuno,Pluton,Nodo_Verdadero,Nodo_Medio,Lilith,Quiron,Dummy2) VALUES( 'F   8','7   6 14','16°42’40','11Tauro19','5°35','6°45','25°26','20°15','10°17','20°19','8°50','5°56','27°46','28°21','16°25','24°49','');
/* INSERT QUERY */INSERT INTO Enero_1960(Dia,Sid_t,Sol,Luna,Mercurio,Venus,Marte,Jupiter,Saturno,Urano,Neptuno,Pluton,Nodo_Verdadero,Nodo_Medio,Lilith,Quiron,Dummy2) VALUES( 'S   9','7 10 11','17°43’49','23°13','7° 7','7°57','26°10','20°28','10°24','20°17','8°51','5°55','27°40','28°18','16°32','24°52','');
/* INSERT QUERY */INSERT INTO Enero_1960(Dia,Sid_t,Sol,Luna,Mercurio,Venus,Marte,Jupiter,Saturno,Urano,Neptuno,Pluton,Nodo_Verdadero,Nodo_Medio,Lilith,Quiron,Dummy2) VALUES( 'S 10','7 14   7','18°44’57','5Geminis 3','8°41','9° 9','26°54','20°41','10°31','20°15','8°52','5°55','27°32','28°15','16°39','24°56','');
/* INSERT QUERY */INSERT INTO Enero_1960(Dia,Sid_t,Sol,Luna,Mercurio,Venus,Marte,Jupiter,Saturno,Urano,Neptuno,Pluton,Nodo_Verdadero,Nodo_Medio,Lilith,Quiron,Dummy2) VALUES( 'M11','7 18   4','19°46’05','16°54','10°14','10°22','27°38','20°54','10°38','20°13','8°53','5°54','27°21','28°12','16°46','24°59','');
/* INSERT QUERY */INSERT INTO Enero_1960(Dia,Sid_t,Sol,Luna,Mercurio,Venus,Marte,Jupiter,Saturno,Urano,Neptuno,Pluton,Nodo_Verdadero,Nodo_Medio,Lilith,Quiron,Dummy2) VALUES( 'T 12','7 22   0','20°47’12','28°49','11°48','11°34','28°22','21°  6','10°45','20°11','8°54','5°53','27°  9','28°  9','16°52','25°  3','');
/* INSERT QUERY */INSERT INTO Enero_1960(Dia,Sid_t,Sol,Luna,Mercurio,Venus,Marte,Jupiter,Saturno,Urano,Neptuno,Pluton,Nodo_Verdadero,Nodo_Medio,Lilith,Quiron,Dummy2) VALUES( 'W13','7 25 57','21°48’20','10Cancer48','13°22','12°46','29°  7','21°19','10°52','20°  8','8°55','5°52','26°56','28°  5','16°59','25°  7','');
/* INSERT QUERY */INSERT INTO Enero_1960(Dia,Sid_t,Sol,Luna,Mercurio,Venus,Marte,Jupiter,Saturno,Urano,Neptuno,Pluton,Nodo_Verdadero,Nodo_Medio,Lilith,Quiron,Dummy2) VALUES( 'T 14','7 29 54','22°49’26','22°54','14°57','13°59','29°51','21°31','10°59','20°  6','8°56','5°51','26°43','28°  2','17°  6','25°10','');
/* INSERT QUERY */INSERT INTO Enero_1960(Dia,Sid_t,Sol,Luna,Mercurio,Venus,Marte,Jupiter,Saturno,Urano,Neptuno,Pluton,Nodo_Verdadero,Nodo_Medio,Lilith,Quiron,Dummy2) VALUES( 'F 15','7 33 50','23°50’32','5Leo 7','16°33','15°11','0Capricornio35','21°44','11°  6','20°  4','8°57','5°50','26°32','27°59','17°12','25°14','');
/* INSERT QUERY */INSERT INTO Enero_1960(Dia,Sid_t,Sol,Luna,Mercurio,Venus,Marte,Jupiter,Saturno,Urano,Neptuno,Pluton,Nodo_Verdadero,Nodo_Medio,Lilith,Quiron,Dummy2) VALUES( 'S 16','7 37 47','24°51’38','17°28','18°  8','16°24','1°19','21°56','11°13','20°  2','8°58','5°49','26°23','27°56','17°19','25°18','');
/* INSERT QUERY */INSERT INTO Enero_1960(Dia,Sid_t,Sol,Luna,Mercurio,Venus,Marte,Jupiter,Saturno,Urano,Neptuno,Pluton,Nodo_Verdadero,Nodo_Medio,Lilith,Quiron,Dummy2) VALUES( 'S 17','7 41 43','25°52’44','29°58','19°45','17°36','2° 4','22°  9','11°20','19°59','8°58','5°47','26°17','27°53','17°26','25°22','');
/* INSERT QUERY */INSERT INTO Enero_1960(Dia,Sid_t,Sol,Luna,Mercurio,Venus,Marte,Jupiter,Saturno,Urano,Neptuno,Pluton,Nodo_Verdadero,Nodo_Medio,Lilith,Quiron,Dummy2) VALUES( 'M18','7 45 40','26°53’49','12Virgo39','21°22','18°49','2°48','22°21','11°27','19°57','8°59','5°46','26°14','27°50','17°33','25°25','');
/* INSERT QUERY */INSERT INTO Enero_1960(Dia,Sid_t,Sol,Luna,Mercurio,Venus,Marte,Jupiter,Saturno,Urano,Neptuno,Pluton,Nodo_Verdadero,Nodo_Medio,Lilith,Quiron,Dummy2) VALUES( 'T 19','7 49 36','27°54’53','25°32','22°59','20°  2','3°33','22°33','11°34','19°55','9° 0','5°45','26°D13','27°46','17°39','25°29','');
/* INSERT QUERY */INSERT INTO Enero_1960(Dia,Sid_t,Sol,Luna,Mercurio,Venus,Marte,Jupiter,Saturno,Urano,Neptuno,Pluton,Nodo_Verdadero,Nodo_Medio,Lilith,Quiron,Dummy2) VALUES( 'W20','7 53 33','28°55’58','8Libra39','24°37','21°15','4°17','22°46','11°41','19°52','9° 1','5°44','26°13','27°43','17°46','25°33','');
/* INSERT QUERY */INSERT INTO Enero_1960(Dia,Sid_t,Sol,Luna,Mercurio,Venus,Marte,Jupiter,Saturno,Urano,Neptuno,Pluton,Nodo_Verdadero,Nodo_Medio,Lilith,Quiron,Dummy2) VALUES( 'T 21','7 57 29','29°57’02','22°  3','26°15','22°27','5° 2','22°58','11°48','19°50','9° 1','5°43','26°14','27°40','17°53','25°37','');
/* INSERT QUERY */INSERT INTO Enero_1960(Dia,Sid_t,Sol,Luna,Mercurio,Venus,Marte,Jupiter,Saturno,Urano,Neptuno,Pluton,Nodo_Verdadero,Nodo_Medio,Lilith,Quiron,Dummy2) VALUES( 'F 22','8   1 26','0Acuario58’05','5Escorpion46','27°54','23°40','5°46','23°10','11°54','19°47','9° 2','5°42','26°R14','27°37','18°  0','25°41','');
/* INSERT QUERY */INSERT INTO Enero_1960(Dia,Sid_t,Sol,Luna,Mercurio,Venus,Marte,Jupiter,Saturno,Urano,Neptuno,Pluton,Nodo_Verdadero,Nodo_Medio,Lilith,Quiron,Dummy2) VALUES( 'S 23','8   5 23','1°59’09','19°49','29°34','24°53','6°31','23°22','12°  1','19°45','9° 3','5°41','26°13','27°34','18°  6','25°45','');
/* INSERT QUERY */INSERT INTO Enero_1960(Dia,Sid_t,Sol,Luna,Mercurio,Venus,Marte,Jupiter,Saturno,Urano,Neptuno,Pluton,Nodo_Verdadero,Nodo_Medio,Lilith,Quiron,Dummy2) VALUES( 'S 24','8   9 19','3° 0’12','4Sagitario12','1Acuario14','26°  6','7°16','23°34','12°  8','19°42','9° 3','5°39','26°  9','27°30','18°13','25°49','');
/* INSERT QUERY */INSERT INTO Enero_1960(Dia,Sid_t,Sol,Luna,Mercurio,Venus,Marte,Jupiter,Saturno,Urano,Neptuno,Pluton,Nodo_Verdadero,Nodo_Medio,Lilith,Quiron,Dummy2) VALUES( 'M25','8 13 16','4° 1’14','18°52','2°55','27°19','8° 0','23°46','12°15','19°40','9° 4','5°38','26°  3','27°27','18°20','25°53','');
/* INSERT QUERY */INSERT INTO Enero_1960(Dia,Sid_t,Sol,Luna,Mercurio,Venus,Marte,Jupiter,Saturno,Urano,Neptuno,Pluton,Nodo_Verdadero,Nodo_Medio,Lilith,Quiron,Dummy2) VALUES( 'T 26','8 17 12','5° 2’16','3Capricornio44','4°36','28°32','8°45','23°58','12°22','19°37','9° 4','5°37','25°55','27°24','18°26','25°57','');
/* INSERT QUERY */INSERT INTO Enero_1960(Dia,Sid_t,Sol,Luna,Mercurio,Venus,Marte,Jupiter,Saturno,Urano,Neptuno,Pluton,Nodo_Verdadero,Nodo_Medio,Lilith,Quiron,Dummy2) VALUES( 'W27','8 21   9','6° 3’18','18°40','6°18','29°45','9°30','24°  9','12°28','19°35','9° 5','5°36','25°47','27°21','18°33','26°  1','');
/* INSERT QUERY */INSERT INTO Enero_1960(Dia,Sid_t,Sol,Luna,Mercurio,Venus,Marte,Jupiter,Saturno,Urano,Neptuno,Pluton,Nodo_Verdadero,Nodo_Medio,Lilith,Quiron,Dummy2) VALUES( 'T 28','8 25   5','7° 4’18','3Acuario30','8° 1','0Capricornio59','10°15','24°21','12°35','19°32','9° 5','5°34','25°39','27°18','18°40','26°  5','');
/* INSERT QUERY */INSERT INTO Enero_1960(Dia,Sid_t,Sol,Luna,Mercurio,Venus,Marte,Jupiter,Saturno,Urano,Neptuno,Pluton,Nodo_Verdadero,Nodo_Medio,Lilith,Quiron,Dummy2) VALUES( 'F 29','8 29   2','8° 5’18','18°  7','9°45','2°12','11°  0','24°33','12°42','19°30','9° 6','5°33','25°33','27°15','18°47','26°  9','');
/* INSERT QUERY */INSERT INTO Enero_1960(Dia,Sid_t,Sol,Luna,Mercurio,Venus,Marte,Jupiter,Saturno,Urano,Neptuno,Pluton,Nodo_Verdadero,Nodo_Medio,Lilith,Quiron,Dummy2) VALUES( 'S 30','8 32 59','9° 6’16','2Piscis23','11°28','3°25','11°45','24°44','12°48','19°27','9° 6','5°32','25°28','27°11','18°53','26°13','');
/* INSERT QUERY */INSERT INTO Enero_1960(Dia,Sid_t,Sol,Luna,Mercurio,Venus,Marte,Jupiter,Saturno,Urano,Neptuno,Pluton,Nodo_Verdadero,Nodo_Medio,Lilith,Quiron,Dummy2) VALUES( 'S 31','8 36 55','10Acuario 7’14','16Piscis14','13Acuario13','4Capricornio38','12Capricornio30','24Sagitario56','12Capricornio55','19Leo25','9Escorpion 7','5Virgo30','25Virgo26','27Virgo 8','19Geminis 0','26Acuario17','');
/* INSERT QUERY */INSERT INTO Enero_1960(Dia,Sid_t,Sol,Luna,Mercurio,Venus,Marte,Jupiter,Saturno,Urano,Neptuno,Pluton,Nodo_Verdadero,Nodo_Medio,Lilith,Quiron,Dummy2) VALUES( 'Delta T = 33.15 sec.','','','','','','','','','','','','','','','','');



CREATE TABLE Febrero_1960(Dia VARCHAR(100),
 Sid_t VARCHAR(100),
 Sol VARCHAR(100),
 Luna VARCHAR(100),
 Mercurio VARCHAR(100),
 Venus VARCHAR(100),
 Marte VARCHAR(100),																	

 Jupiter VARCHAR(100),
 Saturno VARCHAR(100),
 Urano VARCHAR(100),
 Neptuno VARCHAR(100),
 Pluton VARCHAR(100),
 Nodo_Verdadero VARCHAR(100),
 Nodo_Medio VARCHAR(100),
 Lilith VARCHAR(100),
 Quiron VARCHAR(100),
  ID int AUTO_INCREMENT,
Dummy2 VARCHAR(100), primary key (ID));





/* INSERT QUERY */INSERT INTO Febrero_1960(Dia,Sid_t,Sol,Luna,Mercurio,Venus,Marte,Jupiter,Saturno,Urano,Neptuno,Pluton,Nodo_Verdadero,Nodo_Medio,Lilith,Quiron,Dummy2) VALUES( 'M 1  ','8 40 52','11Acuario 8’10','29Piscis39','14Acuario58','5Capricornio52','13Capricornio15','25Sagitario 7','13Capricornio 1','19°R22','9Escorpion 7','5°R29','25Virgo26','27Virgo 5','19Geminis 7','26Acuario21','');
/* INSERT QUERY */INSERT INTO Febrero_1960(Dia,Sid_t,Sol,Luna,Mercurio,Venus,Marte,Jupiter,Saturno,Urano,Neptuno,Pluton,Nodo_Verdadero,Nodo_Medio,Lilith,Quiron,Dummy2) VALUES( 'T  2','8 44 48','12° 9’05','12Aries37','16°44','7°  5','14°  0','25°19','13°  8','19 Leo 19','9°  7','5Virgo27','25°27','27°  2','19°13','26°25','');
/* INSERT QUERY */INSERT INTO Febrero_1960(Dia,Sid_t,Sol,Luna,Mercurio,Venus,Marte,Jupiter,Saturno,Urano,Neptuno,Pluton,Nodo_Verdadero,Nodo_Medio,Lilith,Quiron,Dummy2) VALUES( 'W 3','8 48 45','13° 9’59','25°13','18°30','8°18','14°45','25°30','13°14','19°17','9°  7','5°26','25°28','26°59','19°20','26°29','');
/* INSERT QUERY */INSERT INTO Febrero_1960(Dia,Sid_t,Sol,Luna,Mercurio,Venus,Marte,Jupiter,Saturno,Urano,Neptuno,Pluton,Nodo_Verdadero,Nodo_Medio,Lilith,Quiron,Dummy2) VALUES( 'T  4','8 52 41','14°10’51','7Tauro31','20°17','9°32','15°30','25°41','13°21','19°14','9°  8','5°25','25°29','26°56','19°27','26°33','');
/* INSERT QUERY */INSERT INTO Febrero_1960(Dia,Sid_t,Sol,Luna,Mercurio,Venus,Marte,Jupiter,Saturno,Urano,Neptuno,Pluton,Nodo_Verdadero,Nodo_Medio,Lilith,Quiron,Dummy2) VALUES( 'F   5','8 56 38','15°11’42','19°35','22°  4','10°45','16°15','25°52','13°27','19°12','9°  8','5°23','25°R29','26°52','19°34','26°37','');
/* INSERT QUERY */INSERT INTO Febrero_1960(Dia,Sid_t,Sol,Luna,Mercurio,Venus,Marte,Jupiter,Saturno,Urano,Neptuno,Pluton,Nodo_Verdadero,Nodo_Medio,Lilith,Quiron,Dummy2) VALUES( 'S   6','9   0 34','16°12’31','1Geminis30','23°51','11°58','17°  0','26°  3','13°34','19°  9','9°  8','5°22','25°28','26°49','19°40','26°41','');
/* INSERT QUERY */INSERT INTO Febrero_1960(Dia,Sid_t,Sol,Luna,Mercurio,Venus,Marte,Jupiter,Saturno,Urano,Neptuno,Pluton,Nodo_Verdadero,Nodo_Medio,Lilith,Quiron,Dummy2) VALUES( 'S   7','9   4 31','17°13’19','13°21','25°39','13°12','17°45','26°14','13°40','19°  6','9°  8','5°20','25°25','26°46','19°47','26°46','');
/* INSERT QUERY */INSERT INTO Febrero_1960(Dia,Sid_t,Sol,Luna,Mercurio,Venus,Marte,Jupiter,Saturno,Urano,Neptuno,Pluton,Nodo_Verdadero,Nodo_Medio,Lilith,Quiron,Dummy2) VALUES( 'M 8','9   8 27','18°14’06','25°14','27°27','14°25','18°30','26°25','13°46','19°  4','9°  8','5°19','25°20','26°43','19°54','26°50','');
/* INSERT QUERY */INSERT INTO Febrero_1960(Dia,Sid_t,Sol,Luna,Mercurio,Venus,Marte,Jupiter,Saturno,Urano,Neptuno,Pluton,Nodo_Verdadero,Nodo_Medio,Lilith,Quiron,Dummy2) VALUES( 'T  9','9 12 24','19°14’51','7Cancer10','29°14','15°39','19°16','26°35','13°52','19°  1','9°  8','5°18','25°14','26°40','20°  1','26°54','');
/* INSERT QUERY */INSERT INTO Febrero_1960(Dia,Sid_t,Sol,Luna,Mercurio,Venus,Marte,Jupiter,Saturno,Urano,Neptuno,Pluton,Nodo_Verdadero,Nodo_Medio,Lilith,Quiron,Dummy2) VALUES( 'W 10','9 16 21','20°15’35','19°14','1l 2','16°52','20°  1','26°46','13°59','18°58','9°R  8','5°16','25°  7','26°36','20°  7','26°58','');
/* INSERT QUERY */INSERT INTO Febrero_1960(Dia,Sid_t,Sol,Luna,Mercurio,Venus,Marte,Jupiter,Saturno,Urano,Neptuno,Pluton,Nodo_Verdadero,Nodo_Medio,Lilith,Quiron,Dummy2) VALUES( ' T 11','9 20 17','21°16’17','1 Leo 28','2°49','18°  6','20°46','26°56','14°  5','18°56','9°  8','5°15','25°  1','26°33','20°14','27°  2','');
/* INSERT QUERY */INSERT INTO Febrero_1960(Dia,Sid_t,Sol,Luna,Mercurio,Venus,Marte,Jupiter,Saturno,Urano,Neptuno,Pluton,Nodo_Verdadero,Nodo_Medio,Lilith,Quiron,Dummy2) VALUES( 'F 12','9 24 14','22°16’58','13°53','4°35','19°19','21°31','27°  7','14°11','18°53','9°  8','5°13','24°55','26°30','20°21','27°  6','');
/* INSERT QUERY */INSERT INTO Febrero_1960(Dia,Sid_t,Sol,Luna,Mercurio,Venus,Marte,Jupiter,Saturno,Urano,Neptuno,Pluton,Nodo_Verdadero,Nodo_Medio,Lilith,Quiron,Dummy2) VALUES( 'S 13','9 28 10','23°17’37','26°30','6°20','20°33','22°17','27°17','14°17','18°51','9°  8','5°12','24°51','26°27','20°27','27°10','');
/* INSERT QUERY */INSERT INTO Febrero_1960(Dia,Sid_t,Sol,Luna,Mercurio,Venus,Marte,Jupiter,Saturno,Urano,Neptuno,Pluton,Nodo_Verdadero,Nodo_Medio,Lilith,Quiron,Dummy2) VALUES( 'S 14','9 32   7','24°18’15','9Virgo20','8°  5','21°46','23°  2','27°27','14°23','18°48','9°  8','5°10','24°48','26°24','20°34','27°15','');
/* INSERT QUERY */INSERT INTO Febrero_1960(Dia,Sid_t,Sol,Luna,Mercurio,Venus,Marte,Jupiter,Saturno,Urano,Neptuno,Pluton,Nodo_Verdadero,Nodo_Medio,Lilith,Quiron,Dummy2) VALUES( ' M 15','9 36   3','25°18’51','22°21','9°47','23°  0','23°48','27°37','14°29','18°45','9°  8','5°  9','24°D47','26°21','20°41','27°19','');
/* INSERT QUERY */INSERT INTO Febrero_1960(Dia,Sid_t,Sol,Luna,Mercurio,Venus,Marte,Jupiter,Saturno,Urano,Neptuno,Pluton,Nodo_Verdadero,Nodo_Medio,Lilith,Quiron,Dummy2) VALUES( ' T 16','9 40   0','26°19’27','5Libra35','11°27','24°14','24°33','27°47','14°35','18°43','9°  8','5°  7','24°48','26°17','20°48','27°23','');
/* INSERT QUERY */INSERT INTO Febrero_1960(Dia,Sid_t,Sol,Luna,Mercurio,Venus,Marte,Jupiter,Saturno,Urano,Neptuno,Pluton,Nodo_Verdadero,Nodo_Medio,Lilith,Quiron,Dummy2) VALUES( ' W 17','9 43 56','27°20’01','19°  0','13°  5','25°27','25°18','27°57','14°41','18°40','9°  7','5°  6','24°49','26°14','20°54','27°27','');
/* INSERT QUERY */INSERT INTO Febrero_1960(Dia,Sid_t,Sol,Luna,Mercurio,Venus,Marte,Jupiter,Saturno,Urano,Neptuno,Pluton,Nodo_Verdadero,Nodo_Medio,Lilith,Quiron,Dummy2) VALUES( ' T 18','9 47 53','28°20’33','2Escorpion38','14°40','26°41','26°  4','28°  7','14°46','18°38','9°  7','5°  4','24°50','26°11','21°  1','27°31','');
/* INSERT QUERY */INSERT INTO Febrero_1960(Dia,Sid_t,Sol,Luna,Mercurio,Venus,Marte,Jupiter,Saturno,Urano,Neptuno,Pluton,Nodo_Verdadero,Nodo_Medio,Lilith,Quiron,Dummy2) VALUES( 'F 19','9 51 50','29°21’05','16°27','16°11','27°55','26°50','28°17','14°52','18°35','9°  7','5°  3','24°52','26°  8','21°  8','27°36','');
/* INSERT QUERY */INSERT INTO Febrero_1960(Dia,Sid_t,Sol,Luna,Mercurio,Venus,Marte,Jupiter,Saturno,Urano,Neptuno,Pluton,Nodo_Verdadero,Nodo_Medio,Lilith,Quiron,Dummy2) VALUES( 'S 20','9 55 46','0Piscis21’35','0Sagitario28','17°37','29°  8','27°35','28°26','14°58','18°32','9°  7','5°  1','24°R52','26°  5','21°14','27°40','');
/* INSERT QUERY */INSERT INTO Febrero_1960(Dia,Sid_t,Sol,Luna,Mercurio,Venus,Marte,Jupiter,Saturno,Urano,Neptuno,Pluton,Nodo_Verdadero,Nodo_Medio,Lilith,Quiron,Dummy2) VALUES( 'S 21','9 59 43','1°22’04','14°40','18°59','0Acuario22','28°21','28°36','15°  3','18°30','9°  6','4°59','24°52','26°  2','21°21','27°44','');
/* INSERT QUERY */INSERT INTO Febrero_1960(Dia,Sid_t,Sol,Luna,Mercurio,Venus,Marte,Jupiter,Saturno,Urano,Neptuno,Pluton,Nodo_Verdadero,Nodo_Medio,Lilith,Quiron,Dummy2) VALUES( ' M 22','10   3 39','2°22’32','29°  0','20°15','1°36','29°  6','28°45','15°  9','18°27','9°  6','4°58','24°50','25°58','21°28','27°48','');
/* INSERT QUERY */INSERT INTO Febrero_1960(Dia,Sid_t,Sol,Luna,Mercurio,Venus,Marte,Jupiter,Saturno,Urano,Neptuno,Pluton,Nodo_Verdadero,Nodo_Medio,Lilith,Quiron,Dummy2) VALUES( ' T 23 ','10   7 36','3°22’58','13Capricornio26','21°25','2°50','29°52','28°54','15°15','18°25','9°  5','4°56','24°48','25°55','21°35','27°52','');
/* INSERT QUERY */INSERT INTO Febrero_1960(Dia,Sid_t,Sol,Luna,Mercurio,Venus,Marte,Jupiter,Saturno,Urano,Neptuno,Pluton,Nodo_Verdadero,Nodo_Medio,Lilith,Quiron,Dummy2) VALUES( 'W 24 ','10 11 32','4°23’23','27°52','22°28','4°  3','0Acuario38','29°  3','15°20','18°22','9°  5','4°55','24°45','25°52','21°41','27°56','');
/* INSERT QUERY */INSERT INTO Febrero_1960(Dia,Sid_t,Sol,Luna,Mercurio,Venus,Marte,Jupiter,Saturno,Urano,Neptuno,Pluton,Nodo_Verdadero,Nodo_Medio,Lilith,Quiron,Dummy2) VALUES( 'T 25','10 15 29','5°23’47','12Acuario15','23°23','5°17','1°23','29°12','15°25','18°20','9°  5','4°53','24°42','25°49','21°48','28°  1','');
/* INSERT QUERY */INSERT INTO Febrero_1960(Dia,Sid_t,Sol,Luna,Mercurio,Venus,Marte,Jupiter,Saturno,Urano,Neptuno,Pluton,Nodo_Verdadero,Nodo_Medio,Lilith,Quiron,Dummy2) VALUES( 'F 26','10 19 25','6°24’08','26°27','24°11','6°31','2°  9','29°21','15°31','18°17','9°  4','4°52','24°40','25°46','21°55','28°  5','');
/* INSERT QUERY */INSERT INTO Febrero_1960(Dia,Sid_t,Sol,Luna,Mercurio,Venus,Marte,Jupiter,Saturno,Urano,Neptuno,Pluton,Nodo_Verdadero,Nodo_Medio,Lilith,Quiron,Dummy2) VALUES( 'S 27','10 23 22','7°24’29','10Piscis25','24°49','7°45','2°55','29°30','15°36','18°15','9°  3','4°50','24°38','25°42','22°  2','28°  9','');
/* INSERT QUERY */INSERT INTO Febrero_1960(Dia,Sid_t,Sol,Luna,Mercurio,Venus,Marte,Jupiter,Saturno,Urano,Neptuno,Pluton,Nodo_Verdadero,Nodo_Medio,Lilith,Quiron,Dummy2) VALUES( 'S 28 ','10 27 19','8°24’47','24°  4','25°19','8°59','3°41','29°39','15°41','18°12','9°  3','4°49','24°D38','25°39','22°  8','28°13','');
/* INSERT QUERY */INSERT INTO Febrero_1960(Dia,Sid_t,Sol,Luna,Mercurio,Venus,Marte,Jupiter,Saturno,Urano,Neptuno,Pluton,Nodo_Verdadero,Nodo_Medio,Lilith,Quiron,Dummy2) VALUES( 'M29','10 31 15','9Piscis25’04','7Aries23','25Piscis39','10Acuario12','4Acuario27','29Sagitario47','15Capricornio46','18 Leo 10','9Escorpion 2','4Virgo47','24Virgo38','25Virgo36','22Geminis15','28Acuario17','');
/* INSERT QUERY */INSERT INTO Febrero_1960(Dia,Sid_t,Sol,Luna,Mercurio,Venus,Marte,Jupiter,Saturno,Urano,Neptuno,Pluton,Nodo_Verdadero,Nodo_Medio,Lilith,Quiron,Dummy2) VALUES( 'Delta T = 33.19 sec.                    ','','','','','','','','','','','','','','','','');

/* CREATE TABLE */CREATE TABLE Marzo_1960(Dia VARCHAR(100),
 Sid_t VARCHAR(100),
 Sol VARCHAR(100),
 Luna VARCHAR(100),
 Mercurio VARCHAR(100),
 Venus VARCHAR(100),
 Marte VARCHAR(100),																	

 Jupiter VARCHAR(100),
 Saturno VARCHAR(100),
 Urano VARCHAR(100),
 Neptuno VARCHAR(100),
 Pluton VARCHAR(100),
 Nodo_Verdadero VARCHAR(100),
 Nodo_Medio VARCHAR(100),
 Lilith VARCHAR(100),
 Quiron VARCHAR(100),
  ID int AUTO_INCREMENT,
Dummy2 VARCHAR(100), primary key (ID));


/* INSERT QUERY */INSERT INTO Marzo_1960(Dia,Sid_t,Sol,Luna,Mercurio,Venus,Marte,Jupiter,Saturno,Urano,Neptuno,Pluton,Nodo_Verdadero,Nodo_Medio,Lilith,Quiron,Dummy2) VALUES( 'T  1','10 35 12','10Piscis25’18','20Aries20','25Piscis50','11Acuario26','5Acuario12','29Sagitario55','15Capricornio51','18°R  8','9°R  2','4°R46','24Virgo39','25Virgo33','22Geminis22','28Acuario21','');
/* INSERT QUERY */INSERT INTO Marzo_1960(Dia,Sid_t,Sol,Luna,Mercurio,Venus,Marte,Jupiter,Saturno,Urano,Neptuno,Pluton,Nodo_Verdadero,Nodo_Medio,Lilith,Quiron,Dummy2) VALUES( 'W 2','10 39   8','11°25’31','2Tauro58','25°R51','12°40','5°58','0Capricornio 4','15°56','18Leo 5','9Escorpion 1','4Virgo44','24°40','25°30','22°28','28°25','');
/* INSERT QUERY */INSERT INTO Marzo_1960(Dia,Sid_t,Sol,Luna,Mercurio,Venus,Marte,Jupiter,Saturno,Urano,Neptuno,Pluton,Nodo_Verdadero,Nodo_Medio,Lilith,Quiron,Dummy2) VALUES( 'T  3','10 43   5','12°25’42','15°19','25°43','13°54','6°44','0°12','16°  1','18°  3','9° 0','4°43','24°41','25°27','22°35','28°29','');
/* INSERT QUERY */INSERT INTO Marzo_1960(Dia,Sid_t,Sol,Luna,Mercurio,Venus,Marte,Jupiter,Saturno,Urano,Neptuno,Pluton,Nodo_Verdadero,Nodo_Medio,Lilith,Quiron,Dummy2) VALUES( 'F   4','10 47   1','13°25’50','27°26','25°26','15°  8','7°30','0°20','16°  6','18°  1','9° 0','4°41','24°42','25°23','22°42','28°33','');
/* INSERT QUERY */INSERT INTO Marzo_1960(Dia,Sid_t,Sol,Luna,Mercurio,Venus,Marte,Jupiter,Saturno,Urano,Neptuno,Pluton,Nodo_Verdadero,Nodo_Medio,Lilith,Quiron,Dummy2) VALUES( 'S   5','10 50 58','14°25’57','9Geminis24','25°  0','16°22','8°16','0°28','16°11','17°58','8°59','4°40','24°R43','25°20','22°49','28°37','');
/* INSERT QUERY */INSERT INTO Marzo_1960(Dia,Sid_t,Sol,Luna,Mercurio,Venus,Marte,Jupiter,Saturno,Urano,Neptuno,Pluton,Nodo_Verdadero,Nodo_Medio,Lilith,Quiron,Dummy2) VALUES( 'S   6','10 54 54','15°26’01','21°17','24°26','17°36','9° 2','0°35','16°16','17°56','8°58','4°38','24°43','25°17','22°55','28°41','');
/* INSERT QUERY */INSERT INTO Marzo_1960(Dia,Sid_t,Sol,Luna,Mercurio,Venus,Marte,Jupiter,Saturno,Urano,Neptuno,Pluton,Nodo_Verdadero,Nodo_Medio,Lilith,Quiron,Dummy2) VALUES( 'M 7','10 58 51','16°26’04','3Cancer10','23°45','18°49','9°48','0°43','16°20','17°54','8°57','4°37','24°42','25°14','23°  2','28°46','');
/* INSERT QUERY */INSERT INTO Marzo_1960(Dia,Sid_t,Sol,Luna,Mercurio,Venus,Marte,Jupiter,Saturno,Urano,Neptuno,Pluton,Nodo_Verdadero,Nodo_Medio,Lilith,Quiron,Dummy2) VALUES( 'T  8','11   2 48','17°26’04','15°  8','22°58','20°  3','10°34','0°50','16°25','17°52','8°56','4°35','24°42','25°11','23°  9','28°50','');
/* INSERT QUERY */INSERT INTO Marzo_1960(Dia,Sid_t,Sol,Luna,Mercurio,Venus,Marte,Jupiter,Saturno,Urano,Neptuno,Pluton,Nodo_Verdadero,Nodo_Medio,Lilith,Quiron,Dummy2) VALUES( 'W 9','11   6 44','18°26’02','27°14','22°  6','21°17','11°20','0°58','16°30','17°49','8°55','4°34','24°41','25°  7','23°15','28°54','');
/* INSERT QUERY */INSERT INTO Marzo_1960(Dia,Sid_t,Sol,Luna,Mercurio,Venus,Marte,Jupiter,Saturno,Urano,Neptuno,Pluton,Nodo_Verdadero,Nodo_Medio,Lilith,Quiron,Dummy2) VALUES( 'T 10','11 10 41','19°25’58','9Leo33','21°10','22°31','12°  6','1° 5','16°34','17°47','8°55','4°32','24°40','25°  4','23°22','28°57','');
/* INSERT QUERY */INSERT INTO Marzo_1960(Dia,Sid_t,Sol,Luna,Mercurio,Venus,Marte,Jupiter,Saturno,Urano,Neptuno,Pluton,Nodo_Verdadero,Nodo_Medio,Lilith,Quiron,Dummy2) VALUES( 'F 11','11 14 37','20°25’52','22°  7','20°12','23°45','12°52','1°12','16°38','17°45','8°54','4°31','24°39','25°  1','23°29','29°  1','');
/* INSERT QUERY */INSERT INTO Marzo_1960(Dia,Sid_t,Sol,Luna,Mercurio,Venus,Marte,Jupiter,Saturno,Urano,Neptuno,Pluton,Nodo_Verdadero,Nodo_Medio,Lilith,Quiron,Dummy2) VALUES( 'S 12','11 18 34','21°25’43','4Virgo58','19°14','24°59','13°38','1°19','16°43','17°43','8°53','4°29','24°39','24°58','23°36','29°  5','');
/* INSERT QUERY */INSERT INTO Marzo_1960(Dia,Sid_t,Sol,Luna,Mercurio,Venus,Marte,Jupiter,Saturno,Urano,Neptuno,Pluton,Nodo_Verdadero,Nodo_Medio,Lilith,Quiron,Dummy2) VALUES( 'S 13','11 22 30','22°25’33','18°  6','18°15','26°13','14°24','1°25','16°47','17°41','8°52','4°28','24°39','24°55','23°42','29°  9','');
/* INSERT QUERY */INSERT INTO Marzo_1960(Dia,Sid_t,Sol,Luna,Mercurio,Venus,Marte,Jupiter,Saturno,Urano,Neptuno,Pluton,Nodo_Verdadero,Nodo_Medio,Lilith,Quiron,Dummy2) VALUES( 'M14','11 26 27','23°25’21','1Libra31','17°18','27°26','15°10','1°32','16°51','17°39','8°51','4°26','24°D39','24°52','23°49','29°13','');
/* INSERT QUERY */INSERT INTO Marzo_1960(Dia,Sid_t,Sol,Luna,Mercurio,Venus,Marte,Jupiter,Saturno,Urano,Neptuno,Pluton,Nodo_Verdadero,Nodo_Medio,Lilith,Quiron,Dummy2) VALUES( 'T 15','11 30 23','24°25’06','15°11','16°24','28°40','15°56','1°38','16°55','17°37','8°50','4°25','24°R39','24°48','23°56','29°17','');
/* INSERT QUERY */INSERT INTO Marzo_1960(Dia,Sid_t,Sol,Luna,Mercurio,Venus,Marte,Jupiter,Saturno,Urano,Neptuno,Pluton,Nodo_Verdadero,Nodo_Medio,Lilith,Quiron,Dummy2) VALUES( 'W16','11 34 20','25°24’50','29°  4','15°34','29°54','16°42','1°44','16°59','17°35','8°49','4°23','24°39','24°45','24°  3','29°21','');
/* INSERT QUERY */INSERT INTO Marzo_1960(Dia,Sid_t,Sol,Luna,Mercurio,Venus,Marte,Jupiter,Saturno,Urano,Neptuno,Pluton,Nodo_Verdadero,Nodo_Medio,Lilith,Quiron,Dummy2) VALUES( 'T 17','11 38 16','26°24’32','13Escorpion 6','14°48','1Piscis 8','17°28','1°51','17°  3','17°33','8°48','4°22','24°39','24°42','24°  9','29°25','');
/* INSERT QUERY */INSERT INTO Marzo_1960(Dia,Sid_t,Sol,Luna,Mercurio,Venus,Marte,Jupiter,Saturno,Urano,Neptuno,Pluton,Nodo_Verdadero,Nodo_Medio,Lilith,Quiron,Dummy2) VALUES( 'F 18','11 42 13','27°24’13','27°16','14°  7','2°22','18°14','1°57','17°  7','17°32','8°46','4°21','24°39','24°39','24°16','29°29','');
/* INSERT QUERY */INSERT INTO Marzo_1960(Dia,Sid_t,Sol,Luna,Mercurio,Venus,Marte,Jupiter,Saturno,Urano,Neptuno,Pluton,Nodo_Verdadero,Nodo_Medio,Lilith,Quiron,Dummy2) VALUES( 'S 19','11 46 10','28°23’51','11Sagitario29','13°32','3°36','19°  0','2° 2','17°11','17°30','8°45','4°19','24°38','24°36','24°23','29°32','');
/* INSERT QUERY */INSERT INTO Marzo_1960(Dia,Sid_t,Sol,Luna,Mercurio,Venus,Marte,Jupiter,Saturno,Urano,Neptuno,Pluton,Nodo_Verdadero,Nodo_Medio,Lilith,Quiron,Dummy2) VALUES( 'S 20','11 50   6','29°23’28','25°43','13°  2','4°50','19°47','2° 8','17°14','17°28','8°44','4°18','24°D38','24°33','24°29','29°36','');
/* INSERT QUERY */INSERT INTO Marzo_1960(Dia,Sid_t,Sol,Luna,Mercurio,Venus,Marte,Jupiter,Saturno,Urano,Neptuno,Pluton,Nodo_Verdadero,Nodo_Medio,Lilith,Quiron,Dummy2) VALUES( 'M21','11 54   3','0Aries23’04','9Capricornio55','12°39','6° 4','20°33','2°13','17°18','17°26','8°43','4°16','24°38','24°29','24°36','29°40','');
/* INSERT QUERY */INSERT INTO Marzo_1960(Dia,Sid_t,Sol,Luna,Mercurio,Venus,Marte,Jupiter,Saturno,Urano,Neptuno,Pluton,Nodo_Verdadero,Nodo_Medio,Lilith,Quiron,Dummy2) VALUES( 'T 22','11 57 59','1°22’37','24°  3','12°22','7°18','21°19','2°19','17°21','17°25','8°42','4°15','24°39','24°26','24°43','29°43','');
/* INSERT QUERY */INSERT INTO Marzo_1960(Dia,Sid_t,Sol,Luna,Mercurio,Venus,Marte,Jupiter,Saturno,Urano,Neptuno,Pluton,Nodo_Verdadero,Nodo_Medio,Lilith,Quiron,Dummy2) VALUES( 'W23','12   1 56','2°22’09','8Acuario 4','12°11','8°32','22°  5','2°24','17°25','17°23','8°41','4°14','24°39','24°23','24°50','29°47','');
/* INSERT QUERY */INSERT INTO Marzo_1960(Dia,Sid_t,Sol,Luna,Mercurio,Venus,Marte,Jupiter,Saturno,Urano,Neptuno,Pluton,Nodo_Verdadero,Nodo_Medio,Lilith,Quiron,Dummy2) VALUES( 'T 24','12   5 52','3°21’39','21°57','12°D  6','9°45','22°51','2°29','17°28','17°21','8°39','4°12','24°40','24°20','24°56','29°51','');
/* INSERT QUERY */INSERT INTO Marzo_1960(Dia,Sid_t,Sol,Luna,Mercurio,Venus,Marte,Jupiter,Saturno,Urano,Neptuno,Pluton,Nodo_Verdadero,Nodo_Medio,Lilith,Quiron,Dummy2) VALUES( 'F 25','12   9 49','4°21’07','5Piscis40','12°  7','10°59','23°38','2°34','17°31','17°20','8°38','4°11','24°41','24°17','25°  3','29°54','');
/* INSERT QUERY */INSERT INTO Marzo_1960(Dia,Sid_t,Sol,Luna,Mercurio,Venus,Marte,Jupiter,Saturno,Urano,Neptuno,Pluton,Nodo_Verdadero,Nodo_Medio,Lilith,Quiron,Dummy2) VALUES( 'S 26','12 13 45','5°20’33','19°11','12°14','12°13','24°24','2°38','17°34','17°18','8°37','4°10','24°R41','24°13','25°10','29°58','');
/* INSERT QUERY */INSERT INTO Marzo_1960(Dia,Sid_t,Sol,Luna,Mercurio,Venus,Marte,Jupiter,Saturno,Urano,Neptuno,Pluton,Nodo_Verdadero,Nodo_Medio,Lilith,Quiron,Dummy2) VALUES( 'S 27','12 17 42','6°19’57','2Aries29','12°26','13°27','25°10','2°43','17°37','17°17','8°35','4° 9','24°41','24°10','25°17','0Piscis 2','');
/* INSERT QUERY */INSERT INTO Marzo_1960(Dia,Sid_t,Sol,Luna,Mercurio,Venus,Marte,Jupiter,Saturno,Urano,Neptuno,Pluton,Nodo_Verdadero,Nodo_Medio,Lilith,Quiron,Dummy2) VALUES( 'M28','12 21 39','7°19’19','15°31','12°43','14°41','25°56','2°47','17°40','17°15','8°34','4° 7','24°40','24°  7','25°23','0° 5','');
/* INSERT QUERY */INSERT INTO Marzo_1960(Dia,Sid_t,Sol,Luna,Mercurio,Venus,Marte,Jupiter,Saturno,Urano,Neptuno,Pluton,Nodo_Verdadero,Nodo_Medio,Lilith,Quiron,Dummy2) VALUES( 'T 29','12 25 35','8°18’40','28°18','13°  5','15°55','26°43','2°51','17°43','17°14','8°33','4° 6','24°39','24°  4','25°30','0° 9','');
/* INSERT QUERY */INSERT INTO Marzo_1960(Dia,Sid_t,Sol,Luna,Mercurio,Venus,Marte,Jupiter,Saturno,Urano,Neptuno,Pluton,Nodo_Verdadero,Nodo_Medio,Lilith,Quiron,Dummy2) VALUES( 'W30','12 29 32','9°17’57','10Tauro51','13°32','17°  9','27°29','2°55','17°46','17°13','8°31','4° 5','24°37','24°  1','25°37','0°12','');
/* INSERT QUERY */INSERT INTO Marzo_1960(Dia,Sid_t,Sol,Luna,Mercurio,Venus,Marte,Jupiter,Saturno,Urano,Neptuno,Pluton,Nodo_Verdadero,Nodo_Medio,Lilith,Quiron,Dummy2) VALUES( 'T 31','12 33 28','10Aries17’13','23Tauro 9','14Piscis 4','18Piscis23','28Acuario15','2Capricornio59','17Capricornio49','17Leo11','8Escorpion30','4Virgo 4','24Virgo35','23Virgo58','25Geminis43','0Piscis15','');
/* INSERT QUERY */INSERT INTO Marzo_1960(Dia,Sid_t,Sol,Luna,Mercurio,Venus,Marte,Jupiter,Saturno,Urano,Neptuno,Pluton,Nodo_Verdadero,Nodo_Medio,Lilith,Quiron,Dummy2) VALUES( 'Delta T = 33.22 sec.','','','','','','','','','','','','','','','','');

CREATE TABLE Abril_1960(Dia VARCHAR(100),
 Sid_t VARCHAR(100),
 Sol VARCHAR(100),
 Luna VARCHAR(100),
 Mercurio VARCHAR(100),
 Venus VARCHAR(100),
 Marte VARCHAR(100),																	

 Jupiter VARCHAR(100),
 Saturno VARCHAR(100),
 Urano VARCHAR(100),
 Neptuno VARCHAR(100),
 Pluton VARCHAR(100),
 Nodo_Verdadero VARCHAR(100),
 Nodo_Medio VARCHAR(100),
 Lilith VARCHAR(100),
 Quiron VARCHAR(100),
  ID int AUTO_INCREMENT,
Dummy2 VARCHAR(100), primary key (ID));



/* INSERT QUERY */INSERT INTO Abril_1960(Dia,Sid_t,Sol,Luna,Mercurio,Venus,Marte,Jupiter,Saturno,Urano,Neptuno,Pluton,Nodo_Verdadero,Nodo_Medio,Lilith,Quiron,Dummy2) VALUES( 'F   1','12 37 25','11Aries16’27','5Geminis16','14Piscis39','19Piscis37','29Acuario 1','3Capricornio 3','17Capricornio51','17°R10','8°R29','4°R  3','24°R32','23Virgo54','25Geminis50','0Piscis19','');
/* INSERT QUERY */INSERT INTO Abril_1960(Dia,Sid_t,Sol,Luna,Mercurio,Venus,Marte,Jupiter,Saturno,Urano,Neptuno,Pluton,Nodo_Verdadero,Nodo_Medio,Lilith,Quiron,Dummy2) VALUES( 'S   2','12 41 21','12°15’38','17°14','15°19','20°51','29°48','3° 6','17°54','17Leo 9','8Escorpion27','4Virgo 1','24Virgo30','23°51','25°57','0°22','');
/* INSERT QUERY */INSERT INTO Abril_1960(Dia,Sid_t,Sol,Luna,Mercurio,Venus,Marte,Jupiter,Saturno,Urano,Neptuno,Pluton,Nodo_Verdadero,Nodo_Medio,Lilith,Quiron,Dummy2) VALUES( 'S   3','12 45 18','13°14’47','29°  8','16°  2','22°  4','0Piscis34','3° 9','17°56','17°  8','8°26','4° 0','24°29','23°48','26°  4','0°25','');
/* INSERT QUERY */INSERT INTO Abril_1960(Dia,Sid_t,Sol,Luna,Mercurio,Venus,Marte,Jupiter,Saturno,Urano,Neptuno,Pluton,Nodo_Verdadero,Nodo_Medio,Lilith,Quiron,Dummy2) VALUES( 'M 4','12 49 14','14°13’54','11Cancer 1','16°49','23°18','1°20','3°12','17°59','17°  7','8°24','3°59','24°D28','23°45','26°10','0°29','');
/* INSERT QUERY */INSERT INTO Abril_1960(Dia,Sid_t,Sol,Luna,Mercurio,Venus,Marte,Jupiter,Saturno,Urano,Neptuno,Pluton,Nodo_Verdadero,Nodo_Medio,Lilith,Quiron,Dummy2) VALUES( 'T  5','12 53 11','15°12’59','22°58','17°39','24°32','2° 6','3°15','18°  1','17°  6','8°23','3°58','24°28','23°42','26°17','0°32','');
/* INSERT QUERY */INSERT INTO Abril_1960(Dia,Sid_t,Sol,Luna,Mercurio,Venus,Marte,Jupiter,Saturno,Urano,Neptuno,Pluton,Nodo_Verdadero,Nodo_Medio,Lilith,Quiron,Dummy2) VALUES( 'W 6','12 57   8','16°12’01','5Leo 3','18°32','25°46','2°53','3°18','18°  3','17°  5','8°21','3°57','24°29','23°38','26°24','0°35','');
/* INSERT QUERY */INSERT INTO Abril_1960(Dia,Sid_t,Sol,Luna,Mercurio,Venus,Marte,Jupiter,Saturno,Urano,Neptuno,Pluton,Nodo_Verdadero,Nodo_Medio,Lilith,Quiron,Dummy2) VALUES( 'T  7','13   1   4','17°11’01','17°22','19°29','27°  0','3°39','3°21','18°  5','17°  4','8°20','3°56','24°31','23°35','26°30','0°38','');
/* INSERT QUERY */INSERT INTO Abril_1960(Dia,Sid_t,Sol,Luna,Mercurio,Venus,Marte,Jupiter,Saturno,Urano,Neptuno,Pluton,Nodo_Verdadero,Nodo_Medio,Lilith,Quiron,Dummy2) VALUES( 'F   8','13   5   1','18° 9’58','29°59','20°28','28°14','4°25','3°23','18°  7','17°  3','8°18','3°55','24°32','23°32','26°37','0°41','');
/* INSERT QUERY */INSERT INTO Abril_1960(Dia,Sid_t,Sol,Luna,Mercurio,Venus,Marte,Jupiter,Saturno,Urano,Neptuno,Pluton,Nodo_Verdadero,Nodo_Medio,Lilith,Quiron,Dummy2) VALUES( 'S   9','13   8 57','19° 8’53','12Virgo56','21°30','29°28','5°11','3°25','18°  9','17°  2','8°17','3°54','24°33','23°29','26°44','0°45','');
/* INSERT QUERY */INSERT INTO Abril_1960(Dia,Sid_t,Sol,Luna,Mercurio,Venus,Marte,Jupiter,Saturno,Urano,Neptuno,Pluton,Nodo_Verdadero,Nodo_Medio,Lilith,Quiron,Dummy2) VALUES( 'S 10','13 12 54','20° 7’47','26°16','22°35','0Aries41','5°58','3°27','18°11','17°  1','8°15','3°53','24°R34','23°26','26°51','0°48','');
/* INSERT QUERY */INSERT INTO Abril_1960(Dia,Sid_t,Sol,Luna,Mercurio,Venus,Marte,Jupiter,Saturno,Urano,Neptuno,Pluton,Nodo_Verdadero,Nodo_Medio,Lilith,Quiron,Dummy2) VALUES( 'M11','13 16 50','21° 6’37','9Libra59','23°42','1°55','6°44','3°29','18°12','17°  1','8°14','3°52','24°33','23°23','26°57','0°51','');
/* INSERT QUERY */INSERT INTO Abril_1960(Dia,Sid_t,Sol,Luna,Mercurio,Venus,Marte,Jupiter,Saturno,Urano,Neptuno,Pluton,Nodo_Verdadero,Nodo_Medio,Lilith,Quiron,Dummy2) VALUES( 'T 12','13 20 47','22° 5’26','24°  3','24°52','3° 9','7°30','3°31','18°14','17°  0','8°12','3°51','24°31','23°19','27°  4','0°54','');
/* INSERT QUERY */INSERT INTO Abril_1960(Dia,Sid_t,Sol,Luna,Mercurio,Venus,Marte,Jupiter,Saturno,Urano,Neptuno,Pluton,Nodo_Verdadero,Nodo_Medio,Lilith,Quiron,Dummy2) VALUES( 'W13','13 24 43','23° 4’13','8Escorpion23','26°  3','4°23','8°16','3°32','18°15','16°59','8°11','3°50','24°28','23°16','27°11','0°56','');
/* INSERT QUERY */INSERT INTO Abril_1960(Dia,Sid_t,Sol,Luna,Mercurio,Venus,Marte,Jupiter,Saturno,Urano,Neptuno,Pluton,Nodo_Verdadero,Nodo_Medio,Lilith,Quiron,Dummy2) VALUES( 'T 14','13 28 40','24° 2’58','22°55','27°18','5°37','9° 3','3°33','18°17','16°59','8° 9','3°49','24°23','23°13','27°18','0°59','');
/* INSERT QUERY */INSERT INTO Abril_1960(Dia,Sid_t,Sol,Luna,Mercurio,Venus,Marte,Jupiter,Saturno,Urano,Neptuno,Pluton,Nodo_Verdadero,Nodo_Medio,Lilith,Quiron,Dummy2) VALUES( 'F 15','13 32 36','25° 1’42','7Sagitario33','28°34','6°51','9°49','3°34','18°18','16°58','8° 8','3°48','24°19','23°10','27°24','1° 2','');
/* INSERT QUERY */INSERT INTO Abril_1960(Dia,Sid_t,Sol,Luna,Mercurio,Venus,Marte,Jupiter,Saturno,Urano,Neptuno,Pluton,Nodo_Verdadero,Nodo_Medio,Lilith,Quiron,Dummy2) VALUES( 'S 16','13 36 33','26° 0’23','22°  8','29°52','8° 4','10°35','3°35','18°19','16°58','8° 6','3°48','24°15','23°  7','27°31','1° 5','');
/* INSERT QUERY */INSERT INTO Abril_1960(Dia,Sid_t,Sol,Luna,Mercurio,Venus,Marte,Jupiter,Saturno,Urano,Neptuno,Pluton,Nodo_Verdadero,Nodo_Medio,Lilith,Quiron,Dummy2) VALUES( 'S 17','13 40 30','26°59’03','6Capricornio36','1Aries13','9°18','11°21','3°36','18°20','16°57','8° 4','3°47','24°12','23°  4','27°38','1° 8','');
/* INSERT QUERY */INSERT INTO Abril_1960(Dia,Sid_t,Sol,Luna,Mercurio,Venus,Marte,Jupiter,Saturno,Urano,Neptuno,Pluton,Nodo_Verdadero,Nodo_Medio,Lilith,Quiron,Dummy2) VALUES( 'M18','13 44 26','27°57’41','20°53','2°35','10°32','12°  8','3°36','18°21','16°57','8° 3','3°46','24°11','23°  0','27°44','1°10','');
/* INSERT QUERY */INSERT INTO Abril_1960(Dia,Sid_t,Sol,Luna,Mercurio,Venus,Marte,Jupiter,Saturno,Urano,Neptuno,Pluton,Nodo_Verdadero,Nodo_Medio,Lilith,Quiron,Dummy2) VALUES( 'T 19','13 48 23','28°56’18','4Acuario56','3°59','11°46','12°54','3°37','18°22','16°57','8° 1','3°45','24°D11','22°57','27°51','1°13','');
/* INSERT QUERY */INSERT INTO Abril_1960(Dia,Sid_t,Sol,Luna,Mercurio,Venus,Marte,Jupiter,Saturno,Urano,Neptuno,Pluton,Nodo_Verdadero,Nodo_Medio,Lilith,Quiron,Dummy2) VALUES( 'W20','13 52 19','29°54’53','18°44','5°25','13°  0','13°40','3°R37','18°23','16°56','8° 0','3°45','24°12','22°54','27°58','1°16','');
/* INSERT QUERY */INSERT INTO Abril_1960(Dia,Sid_t,Sol,Luna,Mercurio,Venus,Marte,Jupiter,Saturno,Urano,Neptuno,Pluton,Nodo_Verdadero,Nodo_Medio,Lilith,Quiron,Dummy2) VALUES( 'T 21','13 56 16','0Tauro53’26','2Piscis17','6°53','14°13','14°26','3°37','18°24','16°56','7°58','3°44','24°13','22°51','28°  5','1°18','');
/* INSERT QUERY */INSERT INTO Abril_1960(Dia,Sid_t,Sol,Luna,Mercurio,Venus,Marte,Jupiter,Saturno,Urano,Neptuno,Pluton,Nodo_Verdadero,Nodo_Medio,Lilith,Quiron,Dummy2) VALUES( 'F 22','14   0 12','1°51’58','15°36','8°23','15°27','15°12','3°37','18°24','16°56','7°56','3°43','24°14','22°48','28°11','1°21','');
/* INSERT QUERY */INSERT INTO Abril_1960(Dia,Sid_t,Sol,Luna,Mercurio,Venus,Marte,Jupiter,Saturno,Urano,Neptuno,Pluton,Nodo_Verdadero,Nodo_Medio,Lilith,Quiron,Dummy2) VALUES( 'S 23','14   4   9','2°50’27','28°43','9°55','16°41','15°59','3°36','18°25','16°56','7°55','3°42','24°R15','22°44','28°18','1°23','');
/* INSERT QUERY */INSERT INTO Abril_1960(Dia,Sid_t,Sol,Luna,Mercurio,Venus,Marte,Jupiter,Saturno,Urano,Neptuno,Pluton,Nodo_Verdadero,Nodo_Medio,Lilith,Quiron,Dummy2) VALUES( 'S 24','14   8   5','3°48’55','11Aries37','11°28','17°55','16°45','3°36','18°25','16°D56','7°53','3°42','24°13','22°41','28°25','1°26','');
/* INSERT QUERY */INSERT INTO Abril_1960(Dia,Sid_t,Sol,Luna,Mercurio,Venus,Marte,Jupiter,Saturno,Urano,Neptuno,Pluton,Nodo_Verdadero,Nodo_Medio,Lilith,Quiron,Dummy2) VALUES( 'M25','14 12   2','4°47’22','24°19','13°  4','19°  9','17°31','3°35','18°25','16°56','7°52','3°41','24°10','22°38','28°31','1°28','');
/* INSERT QUERY */INSERT INTO Abril_1960(Dia,Sid_t,Sol,Luna,Mercurio,Venus,Marte,Jupiter,Saturno,Urano,Neptuno,Pluton,Nodo_Verdadero,Nodo_Medio,Lilith,Quiron,Dummy2) VALUES( 'T 26','14 15 59','5°45’46','6Tauro51','14°41','20°22','18°17','3°34','18°26','16°56','7°50','3°41','24°  4','22°35','28°38','1°30','');
/* INSERT QUERY */INSERT INTO Abril_1960(Dia,Sid_t,Sol,Luna,Mercurio,Venus,Marte,Jupiter,Saturno,Urano,Neptuno,Pluton,Nodo_Verdadero,Nodo_Medio,Lilith,Quiron,Dummy2) VALUES( 'W27','14 19 55','6°44’09','19°12','16°20','21°36','19°  3','3°33','18°26','16°56','7°48','3°40','23°57','22°32','28°45','1°33','');
/* INSERT QUERY */INSERT INTO Abril_1960(Dia,Sid_t,Sol,Luna,Mercurio,Venus,Marte,Jupiter,Saturno,Urano,Neptuno,Pluton,Nodo_Verdadero,Nodo_Medio,Lilith,Quiron,Dummy2) VALUES( 'T 28','14 23 52','7°42’30','1Geminis23','18°  0','22°50','19°49','3°31','18°R26','16°56','7°47','3°40','23°49','22°29','28°52','1°35','');
/* INSERT QUERY */INSERT INTO Abril_1960(Dia,Sid_t,Sol,Luna,Mercurio,Venus,Marte,Jupiter,Saturno,Urano,Neptuno,Pluton,Nodo_Verdadero,Nodo_Medio,Lilith,Quiron,Dummy2) VALUES( 'F 29','14 27 48','8°40’49','13°25','19°43','24°  4','20°35','3°30','18°26','16°56','7°45','3°39','23°41','22°25','28°58','1°37','');
/* INSERT QUERY */INSERT INTO Abril_1960(Dia,Sid_t,Sol,Luna,Mercurio,Venus,Marte,Jupiter,Saturno,Urano,Neptuno,Pluton,Nodo_Verdadero,Nodo_Medio,Lilith,Quiron,Dummy2) VALUES( 'S 30','14 31 45','9Tauro39’06','25Geminis22','21Aries27','25Aries18','21Piscis21','3Capricornio28','18Capricornio25','16Leo57','7Escorpion43','3Virgo39','23Virgo33','22Virgo22','29Geminis 5','1Piscis39','');
/* INSERT QUERY */INSERT INTO Abril_1960(Dia,Sid_t,Sol,Luna,Mercurio,Venus,Marte,Jupiter,Saturno,Urano,Neptuno,Pluton,Nodo_Verdadero,Nodo_Medio,Lilith,Quiron,Dummy2) VALUES( 'Delta T = 33.26 sec.                                                                                                           ','','','','','','','','','','','','','','','','');




/* CREATE TABLE */CREATE TABLE Mayo_1960(Dia VARCHAR(100),
 Sid_t VARCHAR(100),
 Sol VARCHAR(100),
 Luna VARCHAR(100),
 Mercurio VARCHAR(100),
 Venus VARCHAR(100),
 Marte VARCHAR(100),																	

 Jupiter VARCHAR(100),
 Saturno VARCHAR(100),
 Urano VARCHAR(100),
 Neptuno VARCHAR(100),
 Pluton VARCHAR(100),
 Nodo_Verdadero VARCHAR(100),
 Nodo_Medio VARCHAR(100),
 Lilith VARCHAR(100),
 Quiron VARCHAR(100),
  ID int AUTO_INCREMENT,
Dummy2 VARCHAR(100), primary key (ID));



/* INSERT QUERY */INSERT INTO Mayo_1960(Dia,Sid_t,Sol,Luna,Mercurio,Venus,Marte,Jupiter,Saturno,Urano,Neptuno,Pluton,Nodo_Verdadero,Nodo_Medio,Lilith,Quiron,Dummy2) VALUES( 'S   1','14 35 41','10Tauro37’22','7Cancer14','23Aries13','26Aries31','22Piscis 7','3°R26','18°R25','16Leo57','7°R42','3°R38','23°R27','22Virgo19','29Geminis12','1Piscis41','');
/* INSERT QUERY */INSERT INTO Mayo_1960(Dia,Sid_t,Sol,Luna,Mercurio,Venus,Marte,Jupiter,Saturno,Urano,Neptuno,Pluton,Nodo_Verdadero,Nodo_Medio,Lilith,Quiron,Dummy2) VALUES( 'M 2','14 39 38','11°35’35','19°  5','25°  0','27°45','22°53','3Capricornio24','18Capricornio25','16°57','7Escorpion40','3Virgo38','23Virgo22','22°16','29°19','1°43','');
/* INSERT QUERY */INSERT INTO Mayo_1960(Dia,Sid_t,Sol,Luna,Mercurio,Venus,Marte,Jupiter,Saturno,Urano,Neptuno,Pluton,Nodo_Verdadero,Nodo_Medio,Lilith,Quiron,Dummy2) VALUES( 'T  3','14 43 34','12°33’46','1Leo 1','26°50','28°59','23°39','3°22','18°24','16°58','7°38','3°37','23°19','22°13','29°25','1°45','');
/* INSERT QUERY */INSERT INTO Mayo_1960(Dia,Sid_t,Sol,Luna,Mercurio,Venus,Marte,Jupiter,Saturno,Urano,Neptuno,Pluton,Nodo_Verdadero,Nodo_Medio,Lilith,Quiron,Dummy2) VALUES( 'W 4','14 47 31','13°31’55','13°  4','28°41','0Tauro13','24°25','3°19','18°24','16°58','7°37','3°37','23°D19','22°10','29°32','1°47','');
/* INSERT QUERY */INSERT INTO Mayo_1960(Dia,Sid_t,Sol,Luna,Mercurio,Venus,Marte,Jupiter,Saturno,Urano,Neptuno,Pluton,Nodo_Verdadero,Nodo_Medio,Lilith,Quiron,Dummy2) VALUES( 'T  5','14 51 28','14°30’02','25°20','0Tauro34','1°26','25°11','3°16','18°23','16°59','7°35','3°37','23°19','22°  6','29°39','1°49','');
/* INSERT QUERY */INSERT INTO Mayo_1960(Dia,Sid_t,Sol,Luna,Mercurio,Venus,Marte,Jupiter,Saturno,Urano,Neptuno,Pluton,Nodo_Verdadero,Nodo_Medio,Lilith,Quiron,Dummy2) VALUES( 'F   6','14 55 24','15°28’08','7Virgo54','2°29','2°40','25°57','3°14','18°22','17°  0','7°34','3°37','23°20','22°  3','29°45','1°51','');
/* INSERT QUERY */INSERT INTO Mayo_1960(Dia,Sid_t,Sol,Luna,Mercurio,Venus,Marte,Jupiter,Saturno,Urano,Neptuno,Pluton,Nodo_Verdadero,Nodo_Medio,Lilith,Quiron,Dummy2) VALUES( 'S   7','14 59 21','16°26’11','20°51','4°26','3°54','26°43','3°11','18°21','17°  0','7°32','3°36','23°R21','22°  0','29°52','1°52','');
/* INSERT QUERY */INSERT INTO Mayo_1960(Dia,Sid_t,Sol,Luna,Mercurio,Venus,Marte,Jupiter,Saturno,Urano,Neptuno,Pluton,Nodo_Verdadero,Nodo_Medio,Lilith,Quiron,Dummy2) VALUES( 'S   8','15   3 17','17°24’12','4Libra14','6°24','5° 7','27°29','3° 7','18°20','17°  1','7°30','3°36','23°20','21°57','29°59','1°54','');
/* INSERT QUERY */INSERT INTO Mayo_1960(Dia,Sid_t,Sol,Luna,Mercurio,Venus,Marte,Jupiter,Saturno,Urano,Neptuno,Pluton,Nodo_Verdadero,Nodo_Medio,Lilith,Quiron,Dummy2) VALUES( 'M 9','15   7 14','18°22’12','18°  4','8°25','6°21','28°14','3° 4','18°19','17°  2','7°29','3°36','23°18','21°54','0Cancer 6','1°56','');
/* INSERT QUERY */INSERT INTO Mayo_1960(Dia,Sid_t,Sol,Luna,Mercurio,Venus,Marte,Jupiter,Saturno,Urano,Neptuno,Pluton,Nodo_Verdadero,Nodo_Medio,Lilith,Quiron,Dummy2) VALUES( 'T 10','15 11 10','19°20’10','2Escorpion21','10°26','7°35','29°  0','3° 0','18°18','17°  2','7°27','3°36','23°13','21°50','0°12','1°57','');
/* INSERT QUERY */INSERT INTO Mayo_1960(Dia,Sid_t,Sol,Luna,Mercurio,Venus,Marte,Jupiter,Saturno,Urano,Neptuno,Pluton,Nodo_Verdadero,Nodo_Medio,Lilith,Quiron,Dummy2) VALUES( 'W11','15 15   7','20°18’06','17°  0','12°30','8°48','29°46','2°57','18°17','17°  3','7°26','3°36','23°  6','21°47','0°19','1°59','');
/* INSERT QUERY */INSERT INTO Mayo_1960(Dia,Sid_t,Sol,Luna,Mercurio,Venus,Marte,Jupiter,Saturno,Urano,Neptuno,Pluton,Nodo_Verdadero,Nodo_Medio,Lilith,Quiron,Dummy2) VALUES( 'T 12','15 19   3','21°16’01','1Sagitario56','14°35','10°  2','0Aries32','2°53','18°16','17°  4','7°24','3°35','22°58','21°44','0°26','2° 0','');
/* INSERT QUERY */INSERT INTO Mayo_1960(Dia,Sid_t,Sol,Luna,Mercurio,Venus,Marte,Jupiter,Saturno,Urano,Neptuno,Pluton,Nodo_Verdadero,Nodo_Medio,Lilith,Quiron,Dummy2) VALUES( 'F 13','15 23   0','22°13’54','16°58','16°41','11°16','1°18','2°49','18°14','17°  5','7°22','3°35','22°49','21°41','0°32','2° 2','');
/* INSERT QUERY */INSERT INTO Mayo_1960(Dia,Sid_t,Sol,Luna,Mercurio,Venus,Marte,Jupiter,Saturno,Urano,Neptuno,Pluton,Nodo_Verdadero,Nodo_Medio,Lilith,Quiron,Dummy2) VALUES( 'S 14','15 26 57','23°11’46','1Capricornio58','18°49','12°30','2° 3','2°45','18°13','17°  6','7°21','3°35','22°41','21°38','0°39','2° 3','');
/* INSERT QUERY */INSERT INTO Mayo_1960(Dia,Sid_t,Sol,Luna,Mercurio,Venus,Marte,Jupiter,Saturno,Urano,Neptuno,Pluton,Nodo_Verdadero,Nodo_Medio,Lilith,Quiron,Dummy2) VALUES( 'S 15','15 30 53','24° 9’36','16°47','20°58','13°43','2°49','2°40','18°11','17°  7','7°19','3°D35','22°34','21°35','0°46','2° 4','');
/* INSERT QUERY */INSERT INTO Mayo_1960(Dia,Sid_t,Sol,Luna,Mercurio,Venus,Marte,Jupiter,Saturno,Urano,Neptuno,Pluton,Nodo_Verdadero,Nodo_Medio,Lilith,Quiron,Dummy2) VALUES( 'M16','15 34 50','25° 7’26','1Acuario17','23°  8','14°57','3°34','2°36','18°  9','17°  8','7°18','3°35','22°30','21°31','0°53','2° 5','');
/* INSERT QUERY */INSERT INTO Mayo_1960(Dia,Sid_t,Sol,Luna,Mercurio,Venus,Marte,Jupiter,Saturno,Urano,Neptuno,Pluton,Nodo_Verdadero,Nodo_Medio,Lilith,Quiron,Dummy2) VALUES( 'T 17','15 38 46','26° 5’14','15°26','25°19','16°11','4°20','2°31','18°  8','17°10','7°16','3°35','22°28','21°28','0°59','2° 7','');
/* INSERT QUERY */INSERT INTO Mayo_1960(Dia,Sid_t,Sol,Luna,Mercurio,Venus,Marte,Jupiter,Saturno,Urano,Neptuno,Pluton,Nodo_Verdadero,Nodo_Medio,Lilith,Quiron,Dummy2) VALUES( 'W18','15 42 43','27° 3’01','29°13','27°30','17°24','5° 6','2°26','18°  6','17°11','7°15','3°35','22°D27','21°25','1° 6','2° 8','');
/* INSERT QUERY */INSERT INTO Mayo_1960(Dia,Sid_t,Sol,Luna,Mercurio,Venus,Marte,Jupiter,Saturno,Urano,Neptuno,Pluton,Nodo_Verdadero,Nodo_Medio,Lilith,Quiron,Dummy2) VALUES( 'T 19','15 46 39','28° 0’47','12Piscis38','29°41','18°38','5°51','2°21','18°  4','17°12','7°13','3°36','22°28','21°22','1°13','2° 9','');
/* INSERT QUERY */INSERT INTO Mayo_1960(Dia,Sid_t,Sol,Luna,Mercurio,Venus,Marte,Jupiter,Saturno,Urano,Neptuno,Pluton,Nodo_Verdadero,Nodo_Medio,Lilith,Quiron,Dummy2) VALUES( 'F 20','15 50 36','28°58’31','25°44','1Geminis53','19°52','6°37','2°16','18°  2','17°13','7°12','3°36','22°R28','21°19','1°20','2°10','');
/* INSERT QUERY */INSERT INTO Mayo_1960(Dia,Sid_t,Sol,Luna,Mercurio,Venus,Marte,Jupiter,Saturno,Urano,Neptuno,Pluton,Nodo_Verdadero,Nodo_Medio,Lilith,Quiron,Dummy2) VALUES( 'S 21','15 54 32','29°56’15','8Aries34','4° 4','21°  5','7°22','2°11','18°  0','17°15','7°10','3°36','22°27','21°16','1°26','2°11','');
/* INSERT QUERY */INSERT INTO Mayo_1960(Dia,Sid_t,Sol,Luna,Mercurio,Venus,Marte,Jupiter,Saturno,Urano,Neptuno,Pluton,Nodo_Verdadero,Nodo_Medio,Lilith,Quiron,Dummy2) VALUES( 'S 22','15 58 29','0Geminis53’58','21°11','6°14','22°19','8° 8','2° 5','17°57','17°16','7° 9','3°36','22°23','21°12','1°33','2°12','');
/* INSERT QUERY */INSERT INTO Mayo_1960(Dia,Sid_t,Sol,Luna,Mercurio,Venus,Marte,Jupiter,Saturno,Urano,Neptuno,Pluton,Nodo_Verdadero,Nodo_Medio,Lilith,Quiron,Dummy2) VALUES( 'M23','16   2 26','1°51’39','3Tauro37','8°24','23°33','8°53','2° 0','17°55','17°18','7° 7','3°36','22°17','21°  9','1°40','2°13','');
/* INSERT QUERY */INSERT INTO Mayo_1960(Dia,Sid_t,Sol,Luna,Mercurio,Venus,Marte,Jupiter,Saturno,Urano,Neptuno,Pluton,Nodo_Verdadero,Nodo_Medio,Lilith,Quiron,Dummy2) VALUES( 'T 24','16   6 22','2°49’19','15°53','10°33','24°46','9°38','1°54','17°53','17°19','7° 6','3°36','22°  9','21°  6','1°46','2°13','');
/* INSERT QUERY */INSERT INTO Mayo_1960(Dia,Sid_t,Sol,Luna,Mercurio,Venus,Marte,Jupiter,Saturno,Urano,Neptuno,Pluton,Nodo_Verdadero,Nodo_Medio,Lilith,Quiron,Dummy2) VALUES( 'W25','16 10 19','3°46’59','28°  2','12°40','26°  0','10°24','1°48','17°50','17°21','7° 4','3°37','21°57','21°  3','1°53','2°14','');
/* INSERT QUERY */INSERT INTO Mayo_1960(Dia,Sid_t,Sol,Luna,Mercurio,Venus,Marte,Jupiter,Saturno,Urano,Neptuno,Pluton,Nodo_Verdadero,Nodo_Medio,Lilith,Quiron,Dummy2) VALUES( 'T 26','16 14 15','4°44’37','10Geminis 4','14°46','27°14','11°  9','1°42','17°48','17°22','7° 3','3°37','21°45','21°  0','2° 0','2°15','');
/* INSERT QUERY */INSERT INTO Mayo_1960(Dia,Sid_t,Sol,Luna,Mercurio,Venus,Marte,Jupiter,Saturno,Urano,Neptuno,Pluton,Nodo_Verdadero,Nodo_Medio,Lilith,Quiron,Dummy2) VALUES( 'F 27','16 18 12','5°42’13','22°  1','16°50','28°27','11°54','1°36','17°45','17°24','7° 2','3°37','21°32','20°56','2° 7','2°15','');
/* INSERT QUERY */INSERT INTO Mayo_1960(Dia,Sid_t,Sol,Luna,Mercurio,Venus,Marte,Jupiter,Saturno,Urano,Neptuno,Pluton,Nodo_Verdadero,Nodo_Medio,Lilith,Quiron,Dummy2) VALUES( 'S 28','16 22   8','6°39’49','3Cancer54','18°52','29°41','12°39','1°30','17°42','17°26','7° 0','3°38','21°19','20°53','2°13','2°16','');
/* INSERT QUERY */INSERT INTO Mayo_1960(Dia,Sid_t,Sol,Luna,Mercurio,Venus,Marte,Jupiter,Saturno,Urano,Neptuno,Pluton,Nodo_Verdadero,Nodo_Medio,Lilith,Quiron,Dummy2) VALUES( 'S 29','16 26   5','7°37’23','15°45','20°52','0Geminis55','13°24','1°24','17°40','17°28','6°59','3°38','21°  8','20°50','2°20','2°16','');
/* INSERT QUERY */INSERT INTO Mayo_1960(Dia,Sid_t,Sol,Luna,Mercurio,Venus,Marte,Jupiter,Saturno,Urano,Neptuno,Pluton,Nodo_Verdadero,Nodo_Medio,Lilith,Quiron,Dummy2) VALUES( 'M30','16 30   1','8°34’56','27°36','22°50','2° 8','14°  9','1°17','17°37','17°29','6°58','3°39','20°59','20°47','2°27','2°17','');
/* INSERT QUERY */INSERT INTO Mayo_1960(Dia,Sid_t,Sol,Luna,Mercurio,Venus,Marte,Jupiter,Saturno,Urano,Neptuno,Pluton,Nodo_Verdadero,Nodo_Medio,Lilith,Quiron,Dummy2) VALUES( 'T 31','16 33 58','9Geminis32’28','9Leo31','24Geminis45','3Geminis22','14Aries54','1Capricornio11','17Capricornio34','17Leo31','6Escorpion56','3Virgo39','20Virgo53','20Virgo44','2Cancer33','2Piscis17','');
/* INSERT QUERY */INSERT INTO Mayo_1960(Dia,Sid_t,Sol,Luna,Mercurio,Venus,Marte,Jupiter,Saturno,Urano,Neptuno,Pluton,Nodo_Verdadero,Nodo_Medio,Lilith,Quiron,Dummy2) VALUES( 'Delta T = 33.30 sec.','','','','','','','','','','','','','','','','');

/* CREATE TABLE */CREATE TABLE Junio_1960(Dia VARCHAR(100),
 Sid_t VARCHAR(100),
 Sol VARCHAR(100),
 Luna VARCHAR(100),
 Mercurio VARCHAR(100),
 Venus VARCHAR(100),
 Marte VARCHAR(100),																	

 Jupiter VARCHAR(100),
 Saturno VARCHAR(100),
 Urano VARCHAR(100),
 Neptuno VARCHAR(100),
 Pluton VARCHAR(100),
 Nodo_Verdadero VARCHAR(100),
 Nodo_Medio VARCHAR(100),
 Lilith VARCHAR(100),
 Quiron VARCHAR(100),
  ID int AUTO_INCREMENT,
Dummy2 VARCHAR(100), primary key (ID));



/* INSERT QUERY */INSERT INTO Junio_1960(Dia,Sid_t,Sol,Luna,Mercurio,Venus,Marte,Jupiter,Saturno,Urano,Neptuno,Pluton,Nodo_Verdadero,Nodo_Medio,Lilith,Quiron,Dummy2) VALUES( 'W 1','16 37 55','10Geminis29’59','21Leo33','26Geminis38','4Geminis36','15Aries39','1°R  4','17°R31','17Leo33','6°R55','3Virgo40','20°R50','20Virgo41','2Cancer40','2Piscis17','');
/* INSERT QUERY */INSERT INTO Junio_1960(Dia,Sid_t,Sol,Luna,Mercurio,Venus,Marte,Jupiter,Saturno,Urano,Neptuno,Pluton,Nodo_Verdadero,Nodo_Medio,Lilith,Quiron,Dummy2) VALUES( 'T  2','16 41 51','11°27’28','3Virgo47','28°28','5°49','16°24','0Capricornio57','17Capricornio28','17°35','6Escorpion54','3°40','20Virgo49','20°37','2°47','2°18','');
/* INSERT QUERY */INSERT INTO Junio_1960(Dia,Sid_t,Sol,Luna,Mercurio,Venus,Marte,Jupiter,Saturno,Urano,Neptuno,Pluton,Nodo_Verdadero,Nodo_Medio,Lilith,Quiron,Dummy2) VALUES( 'F   3','16 45 48','12°24’56','16°18','0Cancer15','7° 3','17°  9','0°51','17°25','17°37','6°52','3°41','20°49','20°34','2°54','2°18','');
/* INSERT QUERY */INSERT INTO Junio_1960(Dia,Sid_t,Sol,Luna,Mercurio,Venus,Marte,Jupiter,Saturno,Urano,Neptuno,Pluton,Nodo_Verdadero,Nodo_Medio,Lilith,Quiron,Dummy2) VALUES( 'S   4','16 49 44','13°22’22','29°10','2° 0','8°17','17°54','0°44','17°21','17°39','6°51','3°41','20°49','20°31','3° 0','2°18','');
/* INSERT QUERY */INSERT INTO Junio_1960(Dia,Sid_t,Sol,Luna,Mercurio,Venus,Marte,Jupiter,Saturno,Urano,Neptuno,Pluton,Nodo_Verdadero,Nodo_Medio,Lilith,Quiron,Dummy2) VALUES( 'S   5','16 53 41','14°19’48','12Libra29','3°43','9°30','18°39','0°37','17°18','17°41','6°50','3°42','20°47','20°28','3° 7','2°R18','');
/* INSERT QUERY */INSERT INTO Junio_1960(Dia,Sid_t,Sol,Luna,Mercurio,Venus,Marte,Jupiter,Saturno,Urano,Neptuno,Pluton,Nodo_Verdadero,Nodo_Medio,Lilith,Quiron,Dummy2) VALUES( 'M 6','16 57 37','15°17’12','26°17','5°22','10°44','19°23','0°30','17°15','17°43','6°49','3°42','20°44','20°25','3°14','2°18','');
/* INSERT QUERY */INSERT INTO Junio_1960(Dia,Sid_t,Sol,Luna,Mercurio,Venus,Marte,Jupiter,Saturno,Urano,Neptuno,Pluton,Nodo_Verdadero,Nodo_Medio,Lilith,Quiron,Dummy2) VALUES( 'T  7','17   1 34','16°14’35','10Escorpion34','6°59','11°58','20°  8','0°22','17°11','17°46','6°47','3°43','20°38','20°21','3°21','2°18','');
/* INSERT QUERY */INSERT INTO Junio_1960(Dia,Sid_t,Sol,Luna,Mercurio,Venus,Marte,Jupiter,Saturno,Urano,Neptuno,Pluton,Nodo_Verdadero,Nodo_Medio,Lilith,Quiron,Dummy2) VALUES( 'W 8','17   5 30','17°11’57','25°18','8°33','13°11','20°53','0°15','17°  8','17°48','6°46','3°44','20°30','20°18','3°27','2°18','');
/* INSERT QUERY */INSERT INTO Junio_1960(Dia,Sid_t,Sol,Luna,Mercurio,Venus,Marte,Jupiter,Saturno,Urano,Neptuno,Pluton,Nodo_Verdadero,Nodo_Medio,Lilith,Quiron,Dummy2) VALUES( 'T  9','17   9 27','18° 9’18','10Sagitario24','10°  4','14°25','21°37','0° 8','17°  4','17°50','6°45','3°45','20°20','20°15','3°34','2°17','');
/* INSERT QUERY */INSERT INTO Junio_1960(Dia,Sid_t,Sol,Luna,Mercurio,Venus,Marte,Jupiter,Saturno,Urano,Neptuno,Pluton,Nodo_Verdadero,Nodo_Medio,Lilith,Quiron,Dummy2) VALUES( 'F 10','17 13 24','19° 6’38','25°40','11°33','15°39','22°22','0° 1','17°  1','17°52','6°44','3°45','20°  9','20°12','3°41','2°17','');
/* INSERT QUERY */INSERT INTO Junio_1960(Dia,Sid_t,Sol,Luna,Mercurio,Venus,Marte,Jupiter,Saturno,Urano,Neptuno,Pluton,Nodo_Verdadero,Nodo_Medio,Lilith,Quiron,Dummy2) VALUES( 'S 11','17 17 20','20° 3’58','10Capricornio57','12°58','16°52','23°  6','29Sagitario53','16°57','17°55','6°43','3°46','19°59','20°  9','3°47','2°17','');
/* INSERT QUERY */INSERT INTO Junio_1960(Dia,Sid_t,Sol,Luna,Mercurio,Venus,Marte,Jupiter,Saturno,Urano,Neptuno,Pluton,Nodo_Verdadero,Nodo_Medio,Lilith,Quiron,Dummy2) VALUES( 'S 12','17 21 17','21° 1’17','26°  2','14°21','18°  6','23°50','29°46','16°53','17°57','6°42','3°47','19°50','20°  6','3°54','2°17','');
/* INSERT QUERY */INSERT INTO Junio_1960(Dia,Sid_t,Sol,Luna,Mercurio,Venus,Marte,Jupiter,Saturno,Urano,Neptuno,Pluton,Nodo_Verdadero,Nodo_Medio,Lilith,Quiron,Dummy2) VALUES( 'M13','17 25 13','21°58’36','10Acuario48','15°41','19°20','24°35','29°38','16°50','18°  0','6°41','3°48','19°44','20°  2','4° 1','2°16','');
/* INSERT QUERY */INSERT INTO Junio_1960(Dia,Sid_t,Sol,Luna,Mercurio,Venus,Marte,Jupiter,Saturno,Urano,Neptuno,Pluton,Nodo_Verdadero,Nodo_Medio,Lilith,Quiron,Dummy2) VALUES( 'T 14','17 29 10','22°55’54','25°  9','16°57','20°33','25°19','29°31','16°46','18°  2','6°40','3°49','19°41','19°59','4° 8','2°16','');
/* INSERT QUERY */INSERT INTO Junio_1960(Dia,Sid_t,Sol,Luna,Mercurio,Venus,Marte,Jupiter,Saturno,Urano,Neptuno,Pluton,Nodo_Verdadero,Nodo_Medio,Lilith,Quiron,Dummy2) VALUES( 'W15','17 33   6','23°53’11','9Piscis 3','18°11','21°47','26°  3','29°23','16°42','18°  5','6°39','3°49','19°40','19°56','4°14','2°15','');
/* INSERT QUERY */INSERT INTO Junio_1960(Dia,Sid_t,Sol,Luna,Mercurio,Venus,Marte,Jupiter,Saturno,Urano,Neptuno,Pluton,Nodo_Verdadero,Nodo_Medio,Lilith,Quiron,Dummy2) VALUES( 'T 16','17 37   3','24°50’28','22°30','19°22','23°  1','26°47','29°15','16°38','18°  7','6°38','3°50','19°39','19°53','4°21','2°15','');
/* INSERT QUERY */INSERT INTO Junio_1960(Dia,Sid_t,Sol,Luna,Mercurio,Venus,Marte,Jupiter,Saturno,Urano,Neptuno,Pluton,Nodo_Verdadero,Nodo_Medio,Lilith,Quiron,Dummy2) VALUES( 'F 17','17 40 59','25°47’45','5Aries33','20°30','24°14','27°32','29°  8','16°34','18°10','6°37','3°51','19°39','19°50','4°28','2°14','');
/* INSERT QUERY */INSERT INTO Junio_1960(Dia,Sid_t,Sol,Luna,Mercurio,Venus,Marte,Jupiter,Saturno,Urano,Neptuno,Pluton,Nodo_Verdadero,Nodo_Medio,Lilith,Quiron,Dummy2) VALUES( 'S 18','17 44 56','26°45’02','18°17','21°34','25°28','28°16','29°  0','16°30','18°12','6°36','3°52','19°38','19°47','4°34','2°13','');
/* INSERT QUERY */INSERT INTO Junio_1960(Dia,Sid_t,Sol,Luna,Mercurio,Venus,Marte,Jupiter,Saturno,Urano,Neptuno,Pluton,Nodo_Verdadero,Nodo_Medio,Lilith,Quiron,Dummy2) VALUES( 'S 19','17 48 53','27°42’18','0Tauro45','22°35','26°42','29°  0','28°53','16°26','18°15','6°35','3°53','19°34','19°43','4°41','2°12','');
/* INSERT QUERY */INSERT INTO Junio_1960(Dia,Sid_t,Sol,Luna,Mercurio,Venus,Marte,Jupiter,Saturno,Urano,Neptuno,Pluton,Nodo_Verdadero,Nodo_Medio,Lilith,Quiron,Dummy2) VALUES( 'M20','17 52 49','28°39’35','13°  0','23°33','27°55','29°43','28°45','16°22','18°18','6°34','3°54','19°28','19°40','4°48','2°12','');
/* INSERT QUERY */INSERT INTO Junio_1960(Dia,Sid_t,Sol,Luna,Mercurio,Venus,Marte,Jupiter,Saturno,Urano,Neptuno,Pluton,Nodo_Verdadero,Nodo_Medio,Lilith,Quiron,Dummy2) VALUES( 'T 21','17 56 46','29°36’51','25°  6','24°27','29°  9','0Tauro27','28°37','16°18','18°20','6°33','3°55','19°19','19°37','4°55','2°11','');
/* INSERT QUERY */INSERT INTO Junio_1960(Dia,Sid_t,Sol,Luna,Mercurio,Venus,Marte,Jupiter,Saturno,Urano,Neptuno,Pluton,Nodo_Verdadero,Nodo_Medio,Lilith,Quiron,Dummy2) VALUES( 'W22','18   0 42','0Cancer34’06','7Geminis 6','25°18','0Cancer23','1°11','28°30','16°14','18°23','6°33','3°56','19°  8','19°34','5° 1','2°10','');
/* INSERT QUERY */INSERT INTO Junio_1960(Dia,Sid_t,Sol,Luna,Mercurio,Venus,Marte,Jupiter,Saturno,Urano,Neptuno,Pluton,Nodo_Verdadero,Nodo_Medio,Lilith,Quiron,Dummy2) VALUES( 'T 23','18   4 39','1°31’22','19°  2','26°  6','1°37','1°55','28°22','16°10','18°26','6°32','3°58','18°55','19°31','5° 8','2° 9','');
/* INSERT QUERY */INSERT INTO Junio_1960(Dia,Sid_t,Sol,Luna,Mercurio,Venus,Marte,Jupiter,Saturno,Urano,Neptuno,Pluton,Nodo_Verdadero,Nodo_Medio,Lilith,Quiron,Dummy2) VALUES( 'F 24','18   8 35','2°28’37','0Cancer55','26°49','2°50','2°38','28°14','16°  5','18°29','6°31','3°59','18°41','19°27','5°15','2° 8','');
/* INSERT QUERY */INSERT INTO Junio_1960(Dia,Sid_t,Sol,Luna,Mercurio,Venus,Marte,Jupiter,Saturno,Urano,Neptuno,Pluton,Nodo_Verdadero,Nodo_Medio,Lilith,Quiron,Dummy2) VALUES( 'S 25','18 12 32','3°25’52','12°46','27°29','4° 4','3°22','28°  7','16°  1','18°32','6°30','4° 0','18°28','19°24','5°21','2° 7','');
/* INSERT QUERY */INSERT INTO Junio_1960(Dia,Sid_t,Sol,Luna,Mercurio,Venus,Marte,Jupiter,Saturno,Urano,Neptuno,Pluton,Nodo_Verdadero,Nodo_Medio,Lilith,Quiron,Dummy2) VALUES( 'S 26','18 16 28','4°23’06','24°38','28°  4','5°18','4° 5','27°59','15°57','18°34','6°30','4° 1','18°17','19°21','5°28','2° 5','');
/* INSERT QUERY */INSERT INTO Junio_1960(Dia,Sid_t,Sol,Luna,Mercurio,Venus,Marte,Jupiter,Saturno,Urano,Neptuno,Pluton,Nodo_Verdadero,Nodo_Medio,Lilith,Quiron,Dummy2) VALUES( 'M27','18 20 25','5°20’20','6Leo31','28°36','6°32','4°49','27°51','15°53','18°37','6°29','4° 2','18°  8','19°18','5°35','2° 4','');
/* INSERT QUERY */INSERT INTO Junio_1960(Dia,Sid_t,Sol,Luna,Mercurio,Venus,Marte,Jupiter,Saturno,Urano,Neptuno,Pluton,Nodo_Verdadero,Nodo_Medio,Lilith,Quiron,Dummy2) VALUES( 'T 28','18 24 22','6°17’34','18°29','29°  3','7°45','5°32','27°44','15°48','18°40','6°28','4° 3','18°  2','19°15','5°42','2° 3','');
/* INSERT QUERY */INSERT INTO Junio_1960(Dia,Sid_t,Sol,Luna,Mercurio,Venus,Marte,Jupiter,Saturno,Urano,Neptuno,Pluton,Nodo_Verdadero,Nodo_Medio,Lilith,Quiron,Dummy2) VALUES( 'W29','18 28 18','7°14’47','0Virgo34','29°27','8°59','6°15','27°36','15°44','18°43','6°28','4° 5','17°59','19°12','5°48','2° 2','');
/* INSERT QUERY */INSERT INTO Junio_1960(Dia,Sid_t,Sol,Luna,Mercurio,Venus,Marte,Jupiter,Saturno,Urano,Neptuno,Pluton,Nodo_Verdadero,Nodo_Medio,Lilith,Quiron,Dummy2) VALUES( 'T 30','18 32 15','8Cancer12’00','12Virgo50','29Cancer45','10Cancer13','6Tauro58','27Sagitario29','15Capricornio40','18Leo46','6Escorpion27','4Virgo 6','17°D57','19Virgo 8','5Cancer55','2Piscis 0','');
/* INSERT QUERY */INSERT INTO Junio_1960(Dia,Sid_t,Sol,Luna,Mercurio,Venus,Marte,Jupiter,Saturno,Urano,Neptuno,Pluton,Nodo_Verdadero,Nodo_Medio,Lilith,Quiron,Dummy2) VALUES( 'Delta T = 33.34 sec.                                                                                                           ','','','','','','','','','','','','','','','','');

/* CREATE TABLE */CREATE TABLE Julio_1960(Dia VARCHAR(100),
 Sid_t VARCHAR(100),
 Sol VARCHAR(100),
 Luna VARCHAR(100),
 Mercurio VARCHAR(100),
 Venus VARCHAR(100),
 Marte VARCHAR(100),																	

 Jupiter VARCHAR(100),
 Saturno VARCHAR(100),
 Urano VARCHAR(100),
 Neptuno VARCHAR(100),
 Pluton VARCHAR(100),
 Nodo_Verdadero VARCHAR(100),
 Nodo_Medio VARCHAR(100),
 Lilith VARCHAR(100),
 Quiron VARCHAR(100),
  ID int AUTO_INCREMENT,
Dummy2 VARCHAR(100), primary key (ID));


/* INSERT QUERY */INSERT INTO Julio_1960(Dia,Sid_t,Sol,Luna,Mercurio,Venus,Marte,Jupiter,Saturno,Urano,Neptuno,Pluton,Nodo_Verdadero,Nodo_Medio,Lilith,Quiron,Dummy2) VALUES( 'F   1','18 36 11','9Cancer 9’13','25Virgo21','29Cancer59','11Cancer27','7Tauro42','27°R21','15°R35','18Leo49','6°R27','4Virgo 7','17Virgo57','19Virgo 5','6Cancer 2','1°R59','');
/* INSERT QUERY */INSERT INTO Julio_1960(Dia,Sid_t,Sol,Luna,Mercurio,Venus,Marte,Jupiter,Saturno,Urano,Neptuno,Pluton,Nodo_Verdadero,Nodo_Medio,Lilith,Quiron,Dummy2) VALUES( 'S   2','18 40   8','10° 6’25','8Libra11','0Leo 9','12°40','8°25','27Sagitario14','15Capricornio31','18°53','6Escorpion26','4° 8','17°R58','19°  2','6° 8','1Piscis57','');
/* INSERT QUERY */INSERT INTO Julio_1960(Dia,Sid_t,Sol,Luna,Mercurio,Venus,Marte,Jupiter,Saturno,Urano,Neptuno,Pluton,Nodo_Verdadero,Nodo_Medio,Lilith,Quiron,Dummy2) VALUES( 'S   3','18 44   4','11° 3’36','21°25','0°14','13°54','9° 7','27°  7','15°26','18°56','6°26','4°10','17°57','18°59','6°15','1°56','');
/* INSERT QUERY */INSERT INTO Julio_1960(Dia,Sid_t,Sol,Luna,Mercurio,Venus,Marte,Jupiter,Saturno,Urano,Neptuno,Pluton,Nodo_Verdadero,Nodo_Medio,Lilith,Quiron,Dummy2) VALUES( 'M 4','18 48   1','12° 0’48','5Escorpion 6','0°R14','15°  8','9°50','27°  0','15°22','18°59','6°25','4°11','17°55','18°56','6°22','1°54','');
/* INSERT QUERY */INSERT INTO Julio_1960(Dia,Sid_t,Sol,Luna,Mercurio,Venus,Marte,Jupiter,Saturno,Urano,Neptuno,Pluton,Nodo_Verdadero,Nodo_Medio,Lilith,Quiron,Dummy2) VALUES( 'T  5','18 51 57','12°57’59','19°16','0°10','16°22','10°33','26°53','15°18','19°  2','6°25','4°13','17°51','18°53','6°29','1°53','');
/* INSERT QUERY */INSERT INTO Julio_1960(Dia,Sid_t,Sol,Luna,Mercurio,Venus,Marte,Jupiter,Saturno,Urano,Neptuno,Pluton,Nodo_Verdadero,Nodo_Medio,Lilith,Quiron,Dummy2) VALUES( 'W 6','18 55 54','13°55’10','3Sagitario52','0° 1','17°35','11°16','26°45','15°13','19°  5','6°24','4°14','17°44','18°49','6°35','1°51','');
/* INSERT QUERY */INSERT INTO Julio_1960(Dia,Sid_t,Sol,Luna,Mercurio,Venus,Marte,Jupiter,Saturno,Urano,Neptuno,Pluton,Nodo_Verdadero,Nodo_Medio,Lilith,Quiron,Dummy2) VALUES( 'T  7','18 59 51','14°52’21','18°52','29Cancer47','18°49','11°58','26°39','15°  9','19°  8','6°24','4°15','17°36','18°46','6°42','1°49','');
/* INSERT QUERY */INSERT INTO Julio_1960(Dia,Sid_t,Sol,Luna,Mercurio,Venus,Marte,Jupiter,Saturno,Urano,Neptuno,Pluton,Nodo_Verdadero,Nodo_Medio,Lilith,Quiron,Dummy2) VALUES( 'F   8','19   3 47','15°49’32','4Capricornio 6','29°29','20°  3','12°41','26°32','15°  4','19°12','6°24','4°17','17°27','18°43','6°49','1°47','');
/* INSERT QUERY */INSERT INTO Julio_1960(Dia,Sid_t,Sol,Luna,Mercurio,Venus,Marte,Jupiter,Saturno,Urano,Neptuno,Pluton,Nodo_Verdadero,Nodo_Medio,Lilith,Quiron,Dummy2) VALUES( 'S   9','19   7 44','16°46’43','19°24','29°  7','21°17','13°23','26°25','15°  0','19°15','6°23','4°18','17°19','18°40','6°56','1°46','');
/* INSERT QUERY */INSERT INTO Julio_1960(Dia,Sid_t,Sol,Luna,Mercurio,Venus,Marte,Jupiter,Saturno,Urano,Neptuno,Pluton,Nodo_Verdadero,Nodo_Medio,Lilith,Quiron,Dummy2) VALUES( 'S 10','19 11 40','17°43’54','4Acuario35','28°41','22°30','14°  6','26°18','14°56','19°18','6°23','4°20','17°12','18°37','7° 2','1°44','');
/* INSERT QUERY */INSERT INTO Julio_1960(Dia,Sid_t,Sol,Luna,Mercurio,Venus,Marte,Jupiter,Saturno,Urano,Neptuno,Pluton,Nodo_Verdadero,Nodo_Medio,Lilith,Quiron,Dummy2) VALUES( 'M11','19 15 37','18°41’05','19°30','28°11','23°44','14°48','26°12','14°51','19°21','6°23','4°21','17°  7','18°33','7° 9','1°42','');
/* INSERT QUERY */INSERT INTO Julio_1960(Dia,Sid_t,Sol,Luna,Mercurio,Venus,Marte,Jupiter,Saturno,Urano,Neptuno,Pluton,Nodo_Verdadero,Nodo_Medio,Lilith,Quiron,Dummy2) VALUES( 'T 12','19 19 33','19°38’17','4Piscis 0','27°39','24°58','15°30','26°  5','14°47','19°25','6°23','4°23','17°  4','18°30','7°16','1°40','');
/* INSERT QUERY */INSERT INTO Julio_1960(Dia,Sid_t,Sol,Luna,Mercurio,Venus,Marte,Jupiter,Saturno,Urano,Neptuno,Pluton,Nodo_Verdadero,Nodo_Medio,Lilith,Quiron,Dummy2) VALUES( 'W13','19 23 30','20°35’29','18°  2','27°  3','26°12','16°12','25°59','14°42','19°28','6°22','4°24','17°D  3','18°27','7°22','1°38','');
/* INSERT QUERY */INSERT INTO Julio_1960(Dia,Sid_t,Sol,Luna,Mercurio,Venus,Marte,Jupiter,Saturno,Urano,Neptuno,Pluton,Nodo_Verdadero,Nodo_Medio,Lilith,Quiron,Dummy2) VALUES( 'T 14','19 27 26','21°32’41','1Aries36','26°26','27°26','16°54','25°52','14°38','19°32','6°22','4°26','17°  4','18°24','7°29','1°36','');
/* INSERT QUERY */INSERT INTO Julio_1960(Dia,Sid_t,Sol,Luna,Mercurio,Venus,Marte,Jupiter,Saturno,Urano,Neptuno,Pluton,Nodo_Verdadero,Nodo_Medio,Lilith,Quiron,Dummy2) VALUES( 'F 15','19 31 23','22°29’54','14°44','25°47','28°39','17°36','25°46','14°34','19°35','6°22','4°28','17°  5','18°21','7°36','1°34','');
/* INSERT QUERY */INSERT INTO Julio_1960(Dia,Sid_t,Sol,Luna,Mercurio,Venus,Marte,Jupiter,Saturno,Urano,Neptuno,Pluton,Nodo_Verdadero,Nodo_Medio,Lilith,Quiron,Dummy2) VALUES( 'S 16','19 35 20','23°27’08','27°29','25°  7','29°53','18°18','25°40','14°29','19°38','6°22','4°29','17°R  5','18°18','7°43','1°32','');
/* INSERT QUERY */INSERT INTO Julio_1960(Dia,Sid_t,Sol,Luna,Mercurio,Venus,Marte,Jupiter,Saturno,Urano,Neptuno,Pluton,Nodo_Verdadero,Nodo_Medio,Lilith,Quiron,Dummy2) VALUES( 'S 17','19 39 16','24°24’22','9Tauro56','24°27','1Leo 7','18°59','25°34','14°25','19°42','6°22','4°31','17°  3','18°14','7°49','1°29','');
/* INSERT QUERY */INSERT INTO Julio_1960(Dia,Sid_t,Sol,Luna,Mercurio,Venus,Marte,Jupiter,Saturno,Urano,Neptuno,Pluton,Nodo_Verdadero,Nodo_Medio,Lilith,Quiron,Dummy2) VALUES( 'M18','19 43 13','25°21’38','22°  8','23°47','2°21','19°41','25°28','14°21','19°45','6°D22','4°32','17°  0','18°11','7°56','1°27','');
/* INSERT QUERY */INSERT INTO Julio_1960(Dia,Sid_t,Sol,Luna,Mercurio,Venus,Marte,Jupiter,Saturno,Urano,Neptuno,Pluton,Nodo_Verdadero,Nodo_Medio,Lilith,Quiron,Dummy2) VALUES( 'T 19','19 47   9','26°18’53','4Geminis10','23°  9','3°35','20°23','25°23','14°16','19°49','6°22','4°34','16°55','18°  8','8° 3','1°25','');
/* INSERT QUERY */INSERT INTO Julio_1960(Dia,Sid_t,Sol,Luna,Mercurio,Venus,Marte,Jupiter,Saturno,Urano,Neptuno,Pluton,Nodo_Verdadero,Nodo_Medio,Lilith,Quiron,Dummy2) VALUES( 'W20','19 51   6','27°16’10','16°  5','22°32','4°49','21°  4','25°17','14°12','19°52','6°22','4°36','16°47','18°  5','8° 9','1°23','');
/* INSERT QUERY */INSERT INTO Julio_1960(Dia,Sid_t,Sol,Luna,Mercurio,Venus,Marte,Jupiter,Saturno,Urano,Neptuno,Pluton,Nodo_Verdadero,Nodo_Medio,Lilith,Quiron,Dummy2) VALUES( 'T 21','19 55   2','28°13’27','27°57','21°58','6° 3','21°45','25°12','14°  8','19°56','6°22','4°37','16°39','18°  2','8°16','1°20','');
/* INSERT QUERY */INSERT INTO Julio_1960(Dia,Sid_t,Sol,Luna,Mercurio,Venus,Marte,Jupiter,Saturno,Urano,Neptuno,Pluton,Nodo_Verdadero,Nodo_Medio,Lilith,Quiron,Dummy2) VALUES( 'F 22','19 58 59','29°10’45','9Cancer48','21°27','7°16','22°27','25°  7','14°  4','19°59','6°22','4°39','16°30','17°59','8°23','1°18','');
/* INSERT QUERY */INSERT INTO Julio_1960(Dia,Sid_t,Sol,Luna,Mercurio,Venus,Marte,Jupiter,Saturno,Urano,Neptuno,Pluton,Nodo_Verdadero,Nodo_Medio,Lilith,Quiron,Dummy2) VALUES( 'S 23','20   2 56','0Leo 8’04','21°41','21°  0','8°30','23°  8','25°  1','13°59','20°  3','6°22','4°41','16°21','17°55','8°30','1°16','');
/* INSERT QUERY */INSERT INTO Julio_1960(Dia,Sid_t,Sol,Luna,Mercurio,Venus,Marte,Jupiter,Saturno,Urano,Neptuno,Pluton,Nodo_Verdadero,Nodo_Medio,Lilith,Quiron,Dummy2) VALUES( 'S 24','20   6 52','1° 5’23','3Leo36','20°37','9°44','23°49','24°56','13°55','20°  6','6°22','4°43','16°14','17°52','8°36','1°13','');
/* INSERT QUERY */INSERT INTO Julio_1960(Dia,Sid_t,Sol,Luna,Mercurio,Venus,Marte,Jupiter,Saturno,Urano,Neptuno,Pluton,Nodo_Verdadero,Nodo_Medio,Lilith,Quiron,Dummy2) VALUES( 'M25','20 10 49','2° 2’43','15°36','20°20','10°58','24°30','24°52','13°51','20°10','6°23','4°44','16°  8','17°49','8°43','1°11','');
/* INSERT QUERY */INSERT INTO Julio_1960(Dia,Sid_t,Sol,Luna,Mercurio,Venus,Marte,Jupiter,Saturno,Urano,Neptuno,Pluton,Nodo_Verdadero,Nodo_Medio,Lilith,Quiron,Dummy2) VALUES( 'T 26','20 14 45','3° 0’03','27°42','20°  7','12°12','25°10','24°47','13°47','20°14','6°23','4°46','16°  4','17°46','8°50','1° 8','');
/* INSERT QUERY */INSERT INTO Julio_1960(Dia,Sid_t,Sol,Luna,Mercurio,Venus,Marte,Jupiter,Saturno,Urano,Neptuno,Pluton,Nodo_Verdadero,Nodo_Medio,Lilith,Quiron,Dummy2) VALUES( 'W27','20 18 42','3°57’24','9Virgo57','19°59','13°26','25°51','24°42','13°43','20°17','6°23','4°48','16°  2','17°43','8°56','1° 6','');
/* INSERT QUERY */INSERT INTO Julio_1960(Dia,Sid_t,Sol,Luna,Mercurio,Venus,Marte,Jupiter,Saturno,Urano,Neptuno,Pluton,Nodo_Verdadero,Nodo_Medio,Lilith,Quiron,Dummy2) VALUES( 'T 28','20 22 38','4°54’45','22°22','19°D58','14°40','26°31','24°38','13°39','20°21','6°23','4°50','16°D  2','17°39','9° 3','1° 3','');
/* INSERT QUERY */INSERT INTO Julio_1960(Dia,Sid_t,Sol,Luna,Mercurio,Venus,Marte,Jupiter,Saturno,Urano,Neptuno,Pluton,Nodo_Verdadero,Nodo_Medio,Lilith,Quiron,Dummy2) VALUES( 'F 29','20 26 35','5°52’07','5Libra 0','20°  2','15°54','27°12','24°34','13°35','20°25','6°24','4°52','16°  3','17°36','9°10','1° 0','');
/* INSERT QUERY */INSERT INTO Julio_1960(Dia,Sid_t,Sol,Luna,Mercurio,Venus,Marte,Jupiter,Saturno,Urano,Neptuno,Pluton,Nodo_Verdadero,Nodo_Medio,Lilith,Quiron,Dummy2) VALUES( 'S 30','20 30 31','6°49’30','17°55','20°13','17°  7','27°52','24°30','13°31','20°28','6°24','4°53','16°  5','17°33','9°17','0°58','');
/* INSERT QUERY */INSERT INTO Julio_1960(Dia,Sid_t,Sol,Luna,Mercurio,Venus,Marte,Jupiter,Saturno,Urano,Neptuno,Pluton,Nodo_Verdadero,Nodo_Medio,Lilith,Quiron,Dummy2) VALUES( 'S 31','20 34 28','7Leo46’53','1Escorpion10','20Cancer30','18Leo21','28Tauro32','24Sagitario26','13Capricornio28','20Leo32','6Escorpion25','4Virgo55','16Virgo 6','17Virgo30','9Cancer23','0Piscis55','');
/* INSERT QUERY */INSERT INTO Julio_1960(Dia,Sid_t,Sol,Luna,Mercurio,Venus,Marte,Jupiter,Saturno,Urano,Neptuno,Pluton,Nodo_Verdadero,Nodo_Medio,Lilith,Quiron,Dummy2) VALUES( 'Delta T = 33.37 sec.','','','','','','','','','','','','','','','','');

/* CREATE TABLE */CREATE TABLE Agosto_1960(Dia VARCHAR(100),
 Sid_t VARCHAR(100),
 Sol VARCHAR(100),
 Luna VARCHAR(100),
 Mercurio VARCHAR(100),
 Venus VARCHAR(100),
 Marte VARCHAR(100),																	

 Jupiter VARCHAR(100),
 Saturno VARCHAR(100),
 Urano VARCHAR(100),
 Neptuno VARCHAR(100),
 Pluton VARCHAR(100),
 Nodo_Verdadero VARCHAR(100),
 Nodo_Medio VARCHAR(100),
 Lilith VARCHAR(100),
 Quiron VARCHAR(100),
  ID int AUTO_INCREMENT,
Dummy2 VARCHAR(100), primary key (ID));




/* INSERT QUERY */INSERT INTO Agosto_1960(Dia,Sid_t,Sol,Luna,Mercurio,Venus,Marte,Jupiter,Saturno,Urano,Neptuno,Pluton,Nodo_Verdadero,Nodo_Medio,Lilith,Quiron,Dummy2) VALUES( 'M 1','20 38 24','8Leo44’16','14Escorpion46','20Cancer53','19Leo35','29Tauro13','24°R22','13°R24','20Leo36','6Escorpion25','4Virgo57','16°R  6','17Virgo27','9Cancer30','0°R52','');
/* INSERT QUERY */INSERT INTO Agosto_1960(Dia,Sid_t,Sol,Luna,Mercurio,Venus,Marte,Jupiter,Saturno,Urano,Neptuno,Pluton,Nodo_Verdadero,Nodo_Medio,Lilith,Quiron,Dummy2) VALUES( 'T  2','20 42 21','9°41’41','28°47','21°22','20°49','29°52','24Sagitario19','13Capricornio20','20°39','6°25','4°59','16Virgo 5','17°24','9°37','0Piscis50','');
/* INSERT QUERY */INSERT INTO Agosto_1960(Dia,Sid_t,Sol,Luna,Mercurio,Venus,Marte,Jupiter,Saturno,Urano,Neptuno,Pluton,Nodo_Verdadero,Nodo_Medio,Lilith,Quiron,Dummy2) VALUES( 'W 3','20 46 18','10°39’05','13Sagitario10','21°58','22°  3','0Geminis32','24°16','13°16','20°43','6°26','5° 1','16°  2','17°20','9°43','0°47','');
/* INSERT QUERY */INSERT INTO Agosto_1960(Dia,Sid_t,Sol,Luna,Mercurio,Venus,Marte,Jupiter,Saturno,Urano,Neptuno,Pluton,Nodo_Verdadero,Nodo_Medio,Lilith,Quiron,Dummy2) VALUES( 'T  4','20 50 14','11°36’31','27°53','22°40','23°17','1°12','24°12','13°13','20°47','6°26','5° 3','15°58','17°17','9°50','0°44','');
/* INSERT QUERY */INSERT INTO Agosto_1960(Dia,Sid_t,Sol,Luna,Mercurio,Venus,Marte,Jupiter,Saturno,Urano,Neptuno,Pluton,Nodo_Verdadero,Nodo_Medio,Lilith,Quiron,Dummy2) VALUES( 'F   5','20 54 11','12°33’57','12Capricornio50','23°28','24°31','1°52','24°  9','13°  9','20°50','6°27','5° 5','15°53','17°14','9°57','0°41','');
/* INSERT QUERY */INSERT INTO Agosto_1960(Dia,Sid_t,Sol,Luna,Mercurio,Venus,Marte,Jupiter,Saturno,Urano,Neptuno,Pluton,Nodo_Verdadero,Nodo_Medio,Lilith,Quiron,Dummy2) VALUES( 'S   6','20 58   7','13°31’24','27°54','24°23','25°45','2°31','24°  7','13°  6','20°54','6°28','5° 7','15°48','17°11','10°  4','0°39','');
/* INSERT QUERY */INSERT INTO Agosto_1960(Dia,Sid_t,Sol,Luna,Mercurio,Venus,Marte,Jupiter,Saturno,Urano,Neptuno,Pluton,Nodo_Verdadero,Nodo_Medio,Lilith,Quiron,Dummy2) VALUES( 'S   7','21   2   4','14°28’52','12Acuario55','25°23','26°59','3°10','24°  4','13°  2','20°58','6°28','5° 8','15°45','17°  8','10°10','0°36','');
/* INSERT QUERY */INSERT INTO Agosto_1960(Dia,Sid_t,Sol,Luna,Mercurio,Venus,Marte,Jupiter,Saturno,Urano,Neptuno,Pluton,Nodo_Verdadero,Nodo_Medio,Lilith,Quiron,Dummy2) VALUES( 'M 8','21   6   0','15°26’21','27°44','26°29','28°13','3°50','24°  2','12°59','21°  1','6°29','5°10','15°42','17°  5','10°17','0°33','');
/* INSERT QUERY */INSERT INTO Agosto_1960(Dia,Sid_t,Sol,Luna,Mercurio,Venus,Marte,Jupiter,Saturno,Urano,Neptuno,Pluton,Nodo_Verdadero,Nodo_Medio,Lilith,Quiron,Dummy2) VALUES( 'T  9','21   9 57','16°23’51','12Piscis15','27°41','29°26','4°29','23°59','12°56','21°  5','6°29','5°12','15°D41','17°  1','10°24','0°30','');
/* INSERT QUERY */INSERT INTO Agosto_1960(Dia,Sid_t,Sol,Luna,Mercurio,Venus,Marte,Jupiter,Saturno,Urano,Neptuno,Pluton,Nodo_Verdadero,Nodo_Medio,Lilith,Quiron,Dummy2) VALUES( 'W10','21 13 53','17°21’23','26°20','28°59','0Virgo40','5° 8','23°57','12°52','21°  9','6°30','5°14','15°42','16°58','10°30','0°27','');
/* INSERT QUERY */INSERT INTO Agosto_1960(Dia,Sid_t,Sol,Luna,Mercurio,Venus,Marte,Jupiter,Saturno,Urano,Neptuno,Pluton,Nodo_Verdadero,Nodo_Medio,Lilith,Quiron,Dummy2) VALUES( 'T 11','21 17 50','18°18’55','10Aries 0','0Leo22','1°54','5°47','23°55','12°49','21°13','6°31','5°16','15°43','16°55','10°37','0°24','');
/* INSERT QUERY */INSERT INTO Agosto_1960(Dia,Sid_t,Sol,Luna,Mercurio,Venus,Marte,Jupiter,Saturno,Urano,Neptuno,Pluton,Nodo_Verdadero,Nodo_Medio,Lilith,Quiron,Dummy2) VALUES( 'F 12','21 21 47','19°16’29','23°13','1°50','3° 8','6°25','23°54','12°46','21°16','6°32','5°18','15°44','16°52','10°44','0°21','');
/* INSERT QUERY */INSERT INTO Agosto_1960(Dia,Sid_t,Sol,Luna,Mercurio,Venus,Marte,Jupiter,Saturno,Urano,Neptuno,Pluton,Nodo_Verdadero,Nodo_Medio,Lilith,Quiron,Dummy2) VALUES( 'S 13','21 25 43','20°14’05','6Tauro 3','3°22','4°22','7° 4','23°52','12°43','21°20','6°33','5°20','15°46','16°49','10°50','0°19','');
/* INSERT QUERY */INSERT INTO Agosto_1960(Dia,Sid_t,Sol,Luna,Mercurio,Venus,Marte,Jupiter,Saturno,Urano,Neptuno,Pluton,Nodo_Verdadero,Nodo_Medio,Lilith,Quiron,Dummy2) VALUES( 'S 14','21 29 40','21°11’42','18°32','4°59','5°36','7°42','23°51','12°40','21°24','6°33','5°22','15°R46','16°45','10°57','0°16','');
/* INSERT QUERY */INSERT INTO Agosto_1960(Dia,Sid_t,Sol,Luna,Mercurio,Venus,Marte,Jupiter,Saturno,Urano,Neptuno,Pluton,Nodo_Verdadero,Nodo_Medio,Lilith,Quiron,Dummy2) VALUES( 'M15','21 33 36','22° 9’20','0Geminis46','6°40','6°50','8°21','23°50','12°37','21°28','6°34','5°24','15°46','16°42','11°  4','0°13','');
/* INSERT QUERY */INSERT INTO Agosto_1960(Dia,Sid_t,Sol,Luna,Mercurio,Venus,Marte,Jupiter,Saturno,Urano,Neptuno,Pluton,Nodo_Verdadero,Nodo_Medio,Lilith,Quiron,Dummy2) VALUES( 'T 16','21 37 33','23° 7’00','12°48','8°25','8° 4','8°59','23°49','12°34','21°31','6°35','5°26','15°45','16°39','11°11','0°10','');
/* INSERT QUERY */INSERT INTO Agosto_1960(Dia,Sid_t,Sol,Luna,Mercurio,Venus,Marte,Jupiter,Saturno,Urano,Neptuno,Pluton,Nodo_Verdadero,Nodo_Medio,Lilith,Quiron,Dummy2) VALUES( 'W17','21 41 29','24° 4’42','24°42','10°13','9°18','9°37','23°48','12°31','21°35','6°36','5°28','15°43','16°36','11°17','0° 7','');
/* INSERT QUERY */INSERT INTO Agosto_1960(Dia,Sid_t,Sol,Luna,Mercurio,Venus,Marte,Jupiter,Saturno,Urano,Neptuno,Pluton,Nodo_Verdadero,Nodo_Medio,Lilith,Quiron,Dummy2) VALUES( 'T 18','21 45 26','25° 2’25','6Cancer34','12°  4','10°32','10°15','23°47','12°29','21°39','6°37','5°30','15°40','16°33','11°24','0° 4','');
/* INSERT QUERY */INSERT INTO Agosto_1960(Dia,Sid_t,Sol,Luna,Mercurio,Venus,Marte,Jupiter,Saturno,Urano,Neptuno,Pluton,Nodo_Verdadero,Nodo_Medio,Lilith,Quiron,Dummy2) VALUES( 'F 19','21 49 22','26° 0’10','18°26','13°57','11°46','10°52','23°47','12°26','21°42','6°38','5°32','15°36','16°30','11°31','0° 1','');
/* INSERT QUERY */INSERT INTO Agosto_1960(Dia,Sid_t,Sol,Luna,Mercurio,Venus,Marte,Jupiter,Saturno,Urano,Neptuno,Pluton,Nodo_Verdadero,Nodo_Medio,Lilith,Quiron,Dummy2) VALUES( 'S 20','21 53 19','26°57’56','0Leo21','15°52','12°59','11°30','23°47','12°24','21°46','6°39','5°34','15°33','16°26','11°37','29Acuario58','');
/* INSERT QUERY */INSERT INTO Agosto_1960(Dia,Sid_t,Sol,Luna,Mercurio,Venus,Marte,Jupiter,Saturno,Urano,Neptuno,Pluton,Nodo_Verdadero,Nodo_Medio,Lilith,Quiron,Dummy2) VALUES( 'S 21','21 57 16','27°55’44','12°23','17°49','14°13','12°  7','23°D47','12°21','21°50','6°40','5°36','15°31','16°23','11°44','29°55','');
/* INSERT QUERY */INSERT INTO Agosto_1960(Dia,Sid_t,Sol,Luna,Mercurio,Venus,Marte,Jupiter,Saturno,Urano,Neptuno,Pluton,Nodo_Verdadero,Nodo_Medio,Lilith,Quiron,Dummy2) VALUES( 'M22','22   1 12','28°53’33','24°32','19°47','15°27','12°45','23°47','12°19','21°54','6°41','5°38','15°29','16°20','11°51','29°52','');
/* INSERT QUERY */INSERT INTO Agosto_1960(Dia,Sid_t,Sol,Luna,Mercurio,Venus,Marte,Jupiter,Saturno,Urano,Neptuno,Pluton,Nodo_Verdadero,Nodo_Medio,Lilith,Quiron,Dummy2) VALUES( 'T 23','22   5   9','29°51’23','6Virgo51','21°46','16°41','13°22','23°47','12°17','21°57','6°42','5°40','15°28','16°17','11°58','29°49','');
/* INSERT QUERY */INSERT INTO Agosto_1960(Dia,Sid_t,Sol,Luna,Mercurio,Venus,Marte,Jupiter,Saturno,Urano,Neptuno,Pluton,Nodo_Verdadero,Nodo_Medio,Lilith,Quiron,Dummy2) VALUES( 'W24','22   9   5','0Virgo49’15','19°21','23°45','17°55','13°59','23°48','12°14','22°  1','6°43','5°42','15°D28','16°14','12°  4','29°46','');
/* INSERT QUERY */INSERT INTO Agosto_1960(Dia,Sid_t,Sol,Luna,Mercurio,Venus,Marte,Jupiter,Saturno,Urano,Neptuno,Pluton,Nodo_Verdadero,Nodo_Medio,Lilith,Quiron,Dummy2) VALUES( 'T 25','22 13   2','1°47’08','2Libra 3','25°45','19°  9','14°35','23°48','12°12','22°  5','6°44','5°44','15°28','16°10','12°11','29°43','');
/* INSERT QUERY */INSERT INTO Agosto_1960(Dia,Sid_t,Sol,Luna,Mercurio,Venus,Marte,Jupiter,Saturno,Urano,Neptuno,Pluton,Nodo_Verdadero,Nodo_Medio,Lilith,Quiron,Dummy2) VALUES( 'F 26','22 16 58','2°45’03','14°58','27°45','20°23','15°12','23°49','12°10','22°  8','6°46','5°46','15°29','16°  7','12°18','29°40','');
/* INSERT QUERY */INSERT INTO Agosto_1960(Dia,Sid_t,Sol,Luna,Mercurio,Venus,Marte,Jupiter,Saturno,Urano,Neptuno,Pluton,Nodo_Verdadero,Nodo_Medio,Lilith,Quiron,Dummy2) VALUES( 'S 27','22 20 55','3°42’59','28°  7','29°44','21°37','15°48','23°50','12°  8','22°12','6°47','5°48','15°30','16°  4','12°24','29°37','');
/* INSERT QUERY */INSERT INTO Agosto_1960(Dia,Sid_t,Sol,Luna,Mercurio,Venus,Marte,Jupiter,Saturno,Urano,Neptuno,Pluton,Nodo_Verdadero,Nodo_Medio,Lilith,Quiron,Dummy2) VALUES( 'S 28','22 24 51','4°40’56','11Escorpion32','1Virgo43','22°51','16°24','23°52','12°  6','22°16','6°48','5°50','15°31','16°  1','12°31','29°34','');
/* INSERT QUERY */INSERT INTO Agosto_1960(Dia,Sid_t,Sol,Luna,Mercurio,Venus,Marte,Jupiter,Saturno,Urano,Neptuno,Pluton,Nodo_Verdadero,Nodo_Medio,Lilith,Quiron,Dummy2) VALUES( 'M29','22 28 48','5°38’55','25°12','3°42','24°  5','17°  0','23°53','12°  5','22°20','6°49','5°52','15°32','15°58','12°38','29°31','');
/* INSERT QUERY */INSERT INTO Agosto_1960(Dia,Sid_t,Sol,Luna,Mercurio,Venus,Marte,Jupiter,Saturno,Urano,Neptuno,Pluton,Nodo_Verdadero,Nodo_Medio,Lilith,Quiron,Dummy2) VALUES( 'T 30','22 32 45','6°36’55','9Sagitario 8','5°39','25°18','17°36','23°55','12°  3','22°23','6°51','5°54','15°R32','15°55','12°45','29°28','');
/* INSERT QUERY */INSERT INTO Agosto_1960(Dia,Sid_t,Sol,Luna,Mercurio,Venus,Marte,Jupiter,Saturno,Urano,Neptuno,Pluton,Nodo_Verdadero,Nodo_Medio,Lilith,Quiron,Dummy2) VALUES( 'W31','22 36 41','7Virgo34’57','23Sagitario20','7Virgo36','26Virgo32','18Geminis12','23Sagitario57','12Capricornio 2','22Leo27','6Escorpion52','5Virgo56','15Virgo32','15Virgo51','12Cancer51','29Acuario25','');
/* INSERT QUERY */INSERT INTO Agosto_1960(Dia,Sid_t,Sol,Luna,Mercurio,Venus,Marte,Jupiter,Saturno,Urano,Neptuno,Pluton,Nodo_Verdadero,Nodo_Medio,Lilith,Quiron,Dummy2) VALUES( 'Delta T = 33.41 sec.                                                                                                           ','','','','','','','','','','','','','','','','');

/* CREATE TABLE */CREATE TABLE Septiembre_1960(Dia VARCHAR(100),
 Sid_t VARCHAR(100),
 Sol VARCHAR(100),
 Luna VARCHAR(100),
 Mercurio VARCHAR(100),
 Venus VARCHAR(100),
 Marte VARCHAR(100),																	

 Jupiter VARCHAR(100),
 Saturno VARCHAR(100),
 Urano VARCHAR(100),
 Neptuno VARCHAR(100),
 Pluton VARCHAR(100),
 Nodo_Verdadero VARCHAR(100),
 Nodo_Medio VARCHAR(100),
 Lilith VARCHAR(100),
 Quiron VARCHAR(100),
  ID int AUTO_INCREMENT,
Dummy2 VARCHAR(100), primary key (ID));



/* INSERT QUERY */INSERT INTO Septiembre_1960(Dia,Sid_t,Sol,Luna,Mercurio,Venus,Marte,Jupiter,Saturno,Urano,Neptuno,Pluton,Nodo_Verdadero,Nodo_Medio,Lilith,Quiron,Dummy2) VALUES( 'T  1','22 40 38','8Virgo32’59','7Capricornio45','9Virgo32','27Virgo46','18Geminis48','23Sagitario59','12°R  0','22Leo30','6Escorpion53','5Virgo59','15°R31','15Virgo48','12Cancer58','29°R22','');
/* INSERT QUERY */INSERT INTO Septiembre_1960(Dia,Sid_t,Sol,Luna,Mercurio,Venus,Marte,Jupiter,Saturno,Urano,Neptuno,Pluton,Nodo_Verdadero,Nodo_Medio,Lilith,Quiron,Dummy2) VALUES( 'F   2','22 44 34','9°31’03','22°19','11°27','29°  0','19°23','24°  1','11Capricornio59','22°34','6°55','6° 1','15Virgo31','15°45','13°  5','29Acuario19','');
/* INSERT QUERY */INSERT INTO Septiembre_1960(Dia,Sid_t,Sol,Luna,Mercurio,Venus,Marte,Jupiter,Saturno,Urano,Neptuno,Pluton,Nodo_Verdadero,Nodo_Medio,Lilith,Quiron,Dummy2) VALUES( 'S   3','22 48 31','10°29’09','6Acuario58','13°20','0Libra14','19°58','24°  3','11°57','22°38','6°56','6° 3','15°30','15°42','13°11','29°16','');
/* INSERT QUERY */INSERT INTO Septiembre_1960(Dia,Sid_t,Sol,Luna,Mercurio,Venus,Marte,Jupiter,Saturno,Urano,Neptuno,Pluton,Nodo_Verdadero,Nodo_Medio,Lilith,Quiron,Dummy2) VALUES( 'S   4','22 52 27','11°27’16','21°37','15°13','1°28','20°33','24°  6','11°56','22°41','6°58','6° 5','15°30','15°39','13°18','29°13','');
/* INSERT QUERY */INSERT INTO Septiembre_1960(Dia,Sid_t,Sol,Luna,Mercurio,Venus,Marte,Jupiter,Saturno,Urano,Neptuno,Pluton,Nodo_Verdadero,Nodo_Medio,Lilith,Quiron,Dummy2) VALUES( 'M 5','22 56 24','12°25’24','6Piscis 7','17°  4','2°42','21°  8','24°  9','11°55','22°45','6°59','6° 7','15°29','15°36','13°25','29°11','');
/* INSERT QUERY */INSERT INTO Septiembre_1960(Dia,Sid_t,Sol,Luna,Mercurio,Venus,Marte,Jupiter,Saturno,Urano,Neptuno,Pluton,Nodo_Verdadero,Nodo_Medio,Lilith,Quiron,Dummy2) VALUES( 'T  6','23   0 20','13°23’34','20°24','18°55','3°55','21°42','24°11','11°54','22°48','7° 1','6° 9','15°D29','15°32','13°31','29°  8','');
/* INSERT QUERY */INSERT INTO Septiembre_1960(Dia,Sid_t,Sol,Luna,Mercurio,Venus,Marte,Jupiter,Saturno,Urano,Neptuno,Pluton,Nodo_Verdadero,Nodo_Medio,Lilith,Quiron,Dummy2) VALUES( 'W 7','23   4 17','14°21’46','4Aries22','20°44','5° 9','22°17','24°15','11°53','22°52','7° 2','6°11','15°29','15°29','13°38','29°  5','');
/* INSERT QUERY */INSERT INTO Septiembre_1960(Dia,Sid_t,Sol,Luna,Mercurio,Venus,Marte,Jupiter,Saturno,Urano,Neptuno,Pluton,Nodo_Verdadero,Nodo_Medio,Lilith,Quiron,Dummy2) VALUES( 'T  8','23   8 14','15°20’00','17°59','22°32','6°23','22°51','24°18','11°52','22°56','7° 4','6°13','15°R29','15°26','13°45','29°  2','');
/* INSERT QUERY */INSERT INTO Septiembre_1960(Dia,Sid_t,Sol,Luna,Mercurio,Venus,Marte,Jupiter,Saturno,Urano,Neptuno,Pluton,Nodo_Verdadero,Nodo_Medio,Lilith,Quiron,Dummy2) VALUES( 'F   9','23 12 10','16°18’16','1Tauro14','24°19','7°37','23°25','24°21','11°52','22°59','7° 5','6°15','15°29','15°23','13°52','28°59','');
/* INSERT QUERY */INSERT INTO Septiembre_1960(Dia,Sid_t,Sol,Luna,Mercurio,Venus,Marte,Jupiter,Saturno,Urano,Neptuno,Pluton,Nodo_Verdadero,Nodo_Medio,Lilith,Quiron,Dummy2) VALUES( 'S 10','23 16   7','17°16’34','14°  6','26°  4','8°51','23°59','24°25','11°51','23°  3','7° 7','6°17','15°29','15°20','13°58','28°56','');
/* INSERT QUERY */INSERT INTO Septiembre_1960(Dia,Sid_t,Sol,Luna,Mercurio,Venus,Marte,Jupiter,Saturno,Urano,Neptuno,Pluton,Nodo_Verdadero,Nodo_Medio,Lilith,Quiron,Dummy2) VALUES( 'S 11','23 20   3','18°14’54','26°39','27°49','10°  4','24°32','24°29','11°50','23°  6','7° 8','6°19','15°29','15°16','14°  5','28°54','');
/* INSERT QUERY */INSERT INTO Septiembre_1960(Dia,Sid_t,Sol,Luna,Mercurio,Venus,Marte,Jupiter,Saturno,Urano,Neptuno,Pluton,Nodo_Verdadero,Nodo_Medio,Lilith,Quiron,Dummy2) VALUES( 'M12','23 24   0','19°13’16','8Geminis55','29°32','11°18','25°  5','24°33','11°50','23°  9','7°10','6°21','15°29','15°13','14°12','28°51','');
/* INSERT QUERY */INSERT INTO Septiembre_1960(Dia,Sid_t,Sol,Luna,Mercurio,Venus,Marte,Jupiter,Saturno,Urano,Neptuno,Pluton,Nodo_Verdadero,Nodo_Medio,Lilith,Quiron,Dummy2) VALUES( 'T 13','23 27 56','20°11’40','20°58','1Libra15','12°32','25°38','24°37','11°50','23°13','7°12','6°23','15°D29','15°10','14°18','28°48','');
/* INSERT QUERY */INSERT INTO Septiembre_1960(Dia,Sid_t,Sol,Luna,Mercurio,Venus,Marte,Jupiter,Saturno,Urano,Neptuno,Pluton,Nodo_Verdadero,Nodo_Medio,Lilith,Quiron,Dummy2) VALUES( 'W14','23 31 53','21°10’06','2Cancer53','2°56','13°46','26°11','24°41','11°49','23°16','7°13','6°25','15°29','15°  7','14°25','28°46','');
/* INSERT QUERY */INSERT INTO Septiembre_1960(Dia,Sid_t,Sol,Luna,Mercurio,Venus,Marte,Jupiter,Saturno,Urano,Neptuno,Pluton,Nodo_Verdadero,Nodo_Medio,Lilith,Quiron,Dummy2) VALUES( 'T 15','23 35 49','22° 8’34','14°45','4°36','14°59','26°44','24°46','11°49','23°20','7°15','6°27','15°29','15°  4','14°32','28°43','');
/* INSERT QUERY */INSERT INTO Septiembre_1960(Dia,Sid_t,Sol,Luna,Mercurio,Venus,Marte,Jupiter,Saturno,Urano,Neptuno,Pluton,Nodo_Verdadero,Nodo_Medio,Lilith,Quiron,Dummy2) VALUES( 'F 16','23 39 46','23° 7’05','26°38','6°15','16°13','27°16','24°50','11°D49','23°23','7°17','6°29','15°30','15°  1','14°39','28°40','');
/* INSERT QUERY */INSERT INTO Septiembre_1960(Dia,Sid_t,Sol,Luna,Mercurio,Venus,Marte,Jupiter,Saturno,Urano,Neptuno,Pluton,Nodo_Verdadero,Nodo_Medio,Lilith,Quiron,Dummy2) VALUES( 'S 17','23 43 42','24° 5’38','8Leo36','7°53','17°27','27°49','24°55','11°49','23°26','7°18','6°31','15°31','14°57','14°45','28°38','');
/* INSERT QUERY */INSERT INTO Septiembre_1960(Dia,Sid_t,Sol,Luna,Mercurio,Venus,Marte,Jupiter,Saturno,Urano,Neptuno,Pluton,Nodo_Verdadero,Nodo_Medio,Lilith,Quiron,Dummy2) VALUES( 'S 18','23 47 39','25° 4’12','20°43','9°30','18°41','28°20','25°  0','11°49','23°30','7°20','6°33','15°32','14°54','14°52','28°35','');
/* INSERT QUERY */INSERT INTO Septiembre_1960(Dia,Sid_t,Sol,Luna,Mercurio,Venus,Marte,Jupiter,Saturno,Urano,Neptuno,Pluton,Nodo_Verdadero,Nodo_Medio,Lilith,Quiron,Dummy2) VALUES( 'M19','23 51 36','26° 2’49','3Virgo 2','11°  6','19°54','28°52','25°  5','11°50','23°33','7°22','6°35','15°32','14°51','14°59','28°33','');
/* INSERT QUERY */INSERT INTO Septiembre_1960(Dia,Sid_t,Sol,Luna,Mercurio,Venus,Marte,Jupiter,Saturno,Urano,Neptuno,Pluton,Nodo_Verdadero,Nodo_Medio,Lilith,Quiron,Dummy2) VALUES( 'T 20','23 55 32','27° 1’28','15°35','12°41','21°  8','29°24','25°11','11°50','23°36','7°24','6°37','15°R33','14°48','15°  5','28°30','');
/* INSERT QUERY */INSERT INTO Septiembre_1960(Dia,Sid_t,Sol,Luna,Mercurio,Venus,Marte,Jupiter,Saturno,Urano,Neptuno,Pluton,Nodo_Verdadero,Nodo_Medio,Lilith,Quiron,Dummy2) VALUES( 'W21','23 59 29','28° 0’09','28°24','14°15','22°22','29°55','25°16','11°50','23°40','7°26','6°38','15°32','14°45','15°12','28°28','');
/* INSERT QUERY */INSERT INTO Septiembre_1960(Dia,Sid_t,Sol,Luna,Mercurio,Venus,Marte,Jupiter,Saturno,Urano,Neptuno,Pluton,Nodo_Verdadero,Nodo_Medio,Lilith,Quiron,Dummy2) VALUES( 'T 22','0   3 25','28°58’51','11Libra28','15°48','23°36','0Cancer26','25°22','11°51','23°43','7°27','6°40','15°31','14°42','15°19','28°25','');
/* INSERT QUERY */INSERT INTO Septiembre_1960(Dia,Sid_t,Sol,Luna,Mercurio,Venus,Marte,Jupiter,Saturno,Urano,Neptuno,Pluton,Nodo_Verdadero,Nodo_Medio,Lilith,Quiron,Dummy2) VALUES( 'F 23','0   7 22','29°57’36','24°47','17°20','24°49','0°56','25°28','11°52','23°46','7°29','6°42','15°30','14°38','15°25','28°23','');
/* INSERT QUERY */INSERT INTO Septiembre_1960(Dia,Sid_t,Sol,Luna,Mercurio,Venus,Marte,Jupiter,Saturno,Urano,Neptuno,Pluton,Nodo_Verdadero,Nodo_Medio,Lilith,Quiron,Dummy2) VALUES( 'S 24','0 11 18','0Libra56’22','8Escorpion20','18°51','26°  3','1°27','25°34','11°52','23°49','7°31','6°44','15°28','14°35','15°32','28°20','');
/* INSERT QUERY */INSERT INTO Septiembre_1960(Dia,Sid_t,Sol,Luna,Mercurio,Venus,Marte,Jupiter,Saturno,Urano,Neptuno,Pluton,Nodo_Verdadero,Nodo_Medio,Lilith,Quiron,Dummy2) VALUES( 'S 25','0 15 15','1°55’11','22°  5','20°21','27°17','1°57','25°40','11°53','23°52','7°33','6°46','15°26','14°32','15°39','28°18','');
/* INSERT QUERY */INSERT INTO Septiembre_1960(Dia,Sid_t,Sol,Luna,Mercurio,Venus,Marte,Jupiter,Saturno,Urano,Neptuno,Pluton,Nodo_Verdadero,Nodo_Medio,Lilith,Quiron,Dummy2) VALUES( 'M26','0 19 11','2°54’01','6Sagitario 0','21°50','28°30','2°26','25°46','11°54','23°55','7°35','6°48','15°24','14°29','15°46','28°16','');
/* INSERT QUERY */INSERT INTO Septiembre_1960(Dia,Sid_t,Sol,Luna,Mercurio,Venus,Marte,Jupiter,Saturno,Urano,Neptuno,Pluton,Nodo_Verdadero,Nodo_Medio,Lilith,Quiron,Dummy2) VALUES( 'T 27','0 23   8','3°52’53','20°  3','23°18','29°44','2°56','25°53','11°55','23°59','7°37','6°50','15°22','14°26','15°52','28°14','');
/* INSERT QUERY */INSERT INTO Septiembre_1960(Dia,Sid_t,Sol,Luna,Mercurio,Venus,Marte,Jupiter,Saturno,Urano,Neptuno,Pluton,Nodo_Verdadero,Nodo_Medio,Lilith,Quiron,Dummy2) VALUES( 'W28','0 27   5','4°51’47','4Capricornio12','24°45','0Escorpion58','3°25','25°59','11°56','24°  2','7°39','6°52','15°D22','14°22','15°59','28°11','');
/* INSERT QUERY */INSERT INTO Septiembre_1960(Dia,Sid_t,Sol,Luna,Mercurio,Venus,Marte,Jupiter,Saturno,Urano,Neptuno,Pluton,Nodo_Verdadero,Nodo_Medio,Lilith,Quiron,Dummy2) VALUES( 'T 29','0 31   1','5°50’42','18°24','26°11','2°11','3°54','26°  6','11°58','24°  5','7°41','6°54','15°22','14°19','16°  6','28°  9','');
/* INSERT QUERY */INSERT INTO Septiembre_1960(Dia,Sid_t,Sol,Luna,Mercurio,Venus,Marte,Jupiter,Saturno,Urano,Neptuno,Pluton,Nodo_Verdadero,Nodo_Medio,Lilith,Quiron,Dummy2) VALUES( 'F 30','0 34 58','6Libra49’39','2Acuario39','27Libra36','3Escorpion25','4Cancer22','26Sagitario13','11Capricornio59','24Leo 8','7Escorpion43','6Virgo55','15Virgo23','14Virgo16','16Cancer12','28Acuario 7','');
/* INSERT QUERY */INSERT INTO Septiembre_1960(Dia,Sid_t,Sol,Luna,Mercurio,Venus,Marte,Jupiter,Saturno,Urano,Neptuno,Pluton,Nodo_Verdadero,Nodo_Medio,Lilith,Quiron,Dummy2) VALUES( 'Delta T = 33.45 sec.','','','','','','','','','','','','','','','','');

/* CREATE TABLE */CREATE TABLE Octubre_1960(Dia VARCHAR(100),
 Sid_t VARCHAR(100),
 Sol VARCHAR(100),
 Luna VARCHAR(100),
 Mercurio VARCHAR(100),
 Venus VARCHAR(100),
 Marte VARCHAR(100),																	

 Jupiter VARCHAR(100),
 Saturno VARCHAR(100),
 Urano VARCHAR(100),
 Neptuno VARCHAR(100),
 Pluton VARCHAR(100),
 Nodo_Verdadero VARCHAR(100),
 Nodo_Medio VARCHAR(100),
 Lilith VARCHAR(100),
 Quiron VARCHAR(100),
  ID int AUTO_INCREMENT,
Dummy2 VARCHAR(100), primary key (ID));




/* INSERT QUERY */INSERT INTO Octubre_1960(Dia,Sid_t,Sol,Luna,Mercurio,Venus,Marte,Jupiter,Saturno,Urano,Neptuno,Pluton,Nodo_Verdadero,Nodo_Medio,Lilith,Quiron,Dummy2) VALUES( 'S   1','0 38 54','7Libra48’38','16Acuario52','29Libra 0','4Escorpion38','4Cancer51','26Sagitario20','12Capricornio 0','24Leo11','7Escorpion45','6Virgo57','15Virgo25','14Virgo13','16Cancer19','28°R 5','');
/* INSERT QUERY */INSERT INTO Octubre_1960(Dia,Sid_t,Sol,Luna,Mercurio,Venus,Marte,Jupiter,Saturno,Urano,Neptuno,Pluton,Nodo_Verdadero,Nodo_Medio,Lilith,Quiron,Dummy2) VALUES( 'S   2','0 42 51','8°47’38','1Piscis 2','0Escorpion23','5°52','5°19','26°27','12°  2','24°14','7°47','6°59','15°26','14°10','16°26','28Acuario 3','');
/* INSERT QUERY */INSERT INTO Octubre_1960(Dia,Sid_t,Sol,Luna,Mercurio,Venus,Marte,Jupiter,Saturno,Urano,Neptuno,Pluton,Nodo_Verdadero,Nodo_Medio,Lilith,Quiron,Dummy2) VALUES( 'M 3','0 46 47','9°46’40','15°  6','1°45','7° 6','5°46','26°34','12°  4','24°16','7°49','7° 1','15°R27','14°  7','16°32','28°  1','');
/* INSERT QUERY */INSERT INTO Octubre_1960(Dia,Sid_t,Sol,Luna,Mercurio,Venus,Marte,Jupiter,Saturno,Urano,Neptuno,Pluton,Nodo_Verdadero,Nodo_Medio,Lilith,Quiron,Dummy2) VALUES( 'T  4','0 50 44','10°45’45','28°59','3° 6','8°19','6°13','26°42','12°  5','24°19','7°51','7° 3','15°26','14°  3','16°39','27°59','');
/* INSERT QUERY */INSERT INTO Octubre_1960(Dia,Sid_t,Sol,Luna,Mercurio,Venus,Marte,Jupiter,Saturno,Urano,Neptuno,Pluton,Nodo_Verdadero,Nodo_Medio,Lilith,Quiron,Dummy2) VALUES( 'W 5','0 54 40','11°44’51','12Aries39','4°25','9°33','6°40','26°49','12°  7','24°22','7°53','7° 4','15°24','14°  0','16°46','27°57','');
/* INSERT QUERY */INSERT INTO Octubre_1960(Dia,Sid_t,Sol,Luna,Mercurio,Venus,Marte,Jupiter,Saturno,Urano,Neptuno,Pluton,Nodo_Verdadero,Nodo_Medio,Lilith,Quiron,Dummy2) VALUES( 'T  6','0 58 37','12°43’59','26°  4','5°44','10°46','7° 7','26°57','12°  9','24°25','7°55','7° 6','15°21','13°57','16°53','27°55','');
/* INSERT QUERY */INSERT INTO Octubre_1960(Dia,Sid_t,Sol,Luna,Mercurio,Venus,Marte,Jupiter,Saturno,Urano,Neptuno,Pluton,Nodo_Verdadero,Nodo_Medio,Lilith,Quiron,Dummy2) VALUES( 'F   7','1   2 34','13°43’09','9Tauro11','7° 1','12°  0','7°33','27°  5','12°11','24°28','7°57','7° 8','15°16','13°54','16°59','27°53','');
/* INSERT QUERY */INSERT INTO Octubre_1960(Dia,Sid_t,Sol,Luna,Mercurio,Venus,Marte,Jupiter,Saturno,Urano,Neptuno,Pluton,Nodo_Verdadero,Nodo_Medio,Lilith,Quiron,Dummy2) VALUES( 'S   8','1   6 30','14°42’22','22°  0','8°16','13°13','7°59','27°13','12°13','24°30','7°59','7° 9','15°12','13°51','17°  6','27°52','');
/* INSERT QUERY */INSERT INTO Octubre_1960(Dia,Sid_t,Sol,Luna,Mercurio,Venus,Marte,Jupiter,Saturno,Urano,Neptuno,Pluton,Nodo_Verdadero,Nodo_Medio,Lilith,Quiron,Dummy2) VALUES( 'S   9','1 10 27','15°41’37','4Geminis31','9°31','14°27','8°25','27°21','12°15','24°33','8° 1','7°11','15°  7','13°47','17°13','27°50','');
/* INSERT QUERY */INSERT INTO Octubre_1960(Dia,Sid_t,Sol,Luna,Mercurio,Venus,Marte,Jupiter,Saturno,Urano,Neptuno,Pluton,Nodo_Verdadero,Nodo_Medio,Lilith,Quiron,Dummy2) VALUES( 'M10','1 14 23','16°40’54','16°47','10°43','15°40','8°50','27°29','12°18','24°36','8° 3','7°13','15°  2','13°44','17°19','27°48','');
/* INSERT QUERY */INSERT INTO Octubre_1960(Dia,Sid_t,Sol,Luna,Mercurio,Venus,Marte,Jupiter,Saturno,Urano,Neptuno,Pluton,Nodo_Verdadero,Nodo_Medio,Lilith,Quiron,Dummy2) VALUES( 'T 11','1 18 20','17°40’13','28°51','11°54','16°54','9°15','27°38','12°20','24°38','8° 5','7°14','14°59','13°41','17°26','27°47','');
/* INSERT QUERY */INSERT INTO Octubre_1960(Dia,Sid_t,Sol,Luna,Mercurio,Venus,Marte,Jupiter,Saturno,Urano,Neptuno,Pluton,Nodo_Verdadero,Nodo_Medio,Lilith,Quiron,Dummy2) VALUES( 'W12','1 22 16','18°39’35','10Cancer46','13°  3','18°  7','9°39','27°46','12°22','24°41','8° 7','7°16','14°58','13°38','17°33','27°45','');
/* INSERT QUERY */INSERT INTO Octubre_1960(Dia,Sid_t,Sol,Luna,Mercurio,Venus,Marte,Jupiter,Saturno,Urano,Neptuno,Pluton,Nodo_Verdadero,Nodo_Medio,Lilith,Quiron,Dummy2) VALUES( 'T 13','1 26 13','19°38’59','22°38','14°11','19°21','10°  3','27°55','12°25','24°43','8°10','7°18','14°D57','13°35','17°39','27°44','');
/* INSERT QUERY */INSERT INTO Octubre_1960(Dia,Sid_t,Sol,Luna,Mercurio,Venus,Marte,Jupiter,Saturno,Urano,Neptuno,Pluton,Nodo_Verdadero,Nodo_Medio,Lilith,Quiron,Dummy2) VALUES( 'F 14','1 30   9','20°38’25','4Leo30','15°16','20°34','10°27','28°  4','12°28','24°46','8°12','7°19','14°58','13°32','17°46','27°42','');
/* INSERT QUERY */INSERT INTO Octubre_1960(Dia,Sid_t,Sol,Luna,Mercurio,Venus,Marte,Jupiter,Saturno,Urano,Neptuno,Pluton,Nodo_Verdadero,Nodo_Medio,Lilith,Quiron,Dummy2) VALUES( 'S 15','1 34   6','21°37’54','16°29','16°18','21°47','10°50','28°13','12°30','24°48','8°14','7°21','15°  0','13°28','17°53','27°41','');
/* INSERT QUERY */INSERT INTO Octubre_1960(Dia,Sid_t,Sol,Luna,Mercurio,Venus,Marte,Jupiter,Saturno,Urano,Neptuno,Pluton,Nodo_Verdadero,Nodo_Medio,Lilith,Quiron,Dummy2) VALUES( 'S 16','1 38   2','22°37’25','28°38','17°19','23°  1','11°13','28°22','12°33','24°51','8°16','7°22','15°  1','13°25','18°  0','27°39','');
/* INSERT QUERY */INSERT INTO Octubre_1960(Dia,Sid_t,Sol,Luna,Mercurio,Venus,Marte,Jupiter,Saturno,Urano,Neptuno,Pluton,Nodo_Verdadero,Nodo_Medio,Lilith,Quiron,Dummy2) VALUES( 'M17','1 41 59','23°36’58','11Virgo 3','18°16','24°14','11°35','28°31','12°36','24°53','8°18','7°24','15°R  2','13°22','18°  6','27°38','');
/* INSERT QUERY */INSERT INTO Octubre_1960(Dia,Sid_t,Sol,Luna,Mercurio,Venus,Marte,Jupiter,Saturno,Urano,Neptuno,Pluton,Nodo_Verdadero,Nodo_Medio,Lilith,Quiron,Dummy2) VALUES( 'T 18','1 45 56','24°36’33','23°46','19°11','25°27','11°57','28°40','12°39','24°55','8°20','7°25','15°  2','13°19','18°13','27°37','');
/* INSERT QUERY */INSERT INTO Octubre_1960(Dia,Sid_t,Sol,Luna,Mercurio,Venus,Marte,Jupiter,Saturno,Urano,Neptuno,Pluton,Nodo_Verdadero,Nodo_Medio,Lilith,Quiron,Dummy2) VALUES( 'W19','1 49 52','25°36’10','6Libra50','20°  2','26°41','12°18','28°50','12°42','24°58','8°23','7°27','15°  0','13°16','18°20','27°36','');
/* INSERT QUERY */INSERT INTO Octubre_1960(Dia,Sid_t,Sol,Luna,Mercurio,Venus,Marte,Jupiter,Saturno,Urano,Neptuno,Pluton,Nodo_Verdadero,Nodo_Medio,Lilith,Quiron,Dummy2) VALUES( 'T 20','1 53 49','26°35’50','20°14','20°49','27°54','12°39','28°59','12°46','25°  0','8°25','7°28','14°56','13°13','18°26','27°35','');
/* INSERT QUERY */INSERT INTO Octubre_1960(Dia,Sid_t,Sol,Luna,Mercurio,Venus,Marte,Jupiter,Saturno,Urano,Neptuno,Pluton,Nodo_Verdadero,Nodo_Medio,Lilith,Quiron,Dummy2) VALUES( 'F 21','1 57 45','27°35’32','3Escorpion59','21°33','29°  7','13°  0','29°  9','12°49','25°  2','8°27','7°30','14°50','13°  9','18°33','27°34','');
/* INSERT QUERY */INSERT INTO Octubre_1960(Dia,Sid_t,Sol,Luna,Mercurio,Venus,Marte,Jupiter,Saturno,Urano,Neptuno,Pluton,Nodo_Verdadero,Nodo_Medio,Lilith,Quiron,Dummy2) VALUES( 'S 22','2   1 42','28°35’15','18°  0','22°11','0Sagitario21','13°20','29°19','12°52','25°  4','8°29','7°31','14°43','13°  6','18°40','27°33','');
/* INSERT QUERY */INSERT INTO Octubre_1960(Dia,Sid_t,Sol,Luna,Mercurio,Venus,Marte,Jupiter,Saturno,Urano,Neptuno,Pluton,Nodo_Verdadero,Nodo_Medio,Lilith,Quiron,Dummy2) VALUES( 'S 23','2   5 38','29°35’01','2Sagitario13','22°45','1°34','13°39','29°28','12°56','25°  6','8°32','7°33','14°36','13°  3','18°46','27°32','');
/* INSERT QUERY */INSERT INTO Octubre_1960(Dia,Sid_t,Sol,Luna,Mercurio,Venus,Marte,Jupiter,Saturno,Urano,Neptuno,Pluton,Nodo_Verdadero,Nodo_Medio,Lilith,Quiron,Dummy2) VALUES( 'M24','2   9 35','0Escorpion34’48','16°33','23°14','2°47','13°58','29°38','12°59','25°  8','8°34','7°34','14°29','13°  0','18°53','27°31','');
/* INSERT QUERY */INSERT INTO Octubre_1960(Dia,Sid_t,Sol,Luna,Mercurio,Venus,Marte,Jupiter,Saturno,Urano,Neptuno,Pluton,Nodo_Verdadero,Nodo_Medio,Lilith,Quiron,Dummy2) VALUES( 'T 25','2 13 31','1°34’37','0Capricornio55','23°36','4° 1','14°17','29°49','13°  3','25°10','8°36','7°35','14°24','12°57','19°  0','27°30','');
/* INSERT QUERY */INSERT INTO Octubre_1960(Dia,Sid_t,Sol,Luna,Mercurio,Venus,Marte,Jupiter,Saturno,Urano,Neptuno,Pluton,Nodo_Verdadero,Nodo_Medio,Lilith,Quiron,Dummy2) VALUES( 'W26','2 17 28','2°34’28','15°14','23°52','5°14','14°35','29°59','13°  7','25°12','8°38','7°37','14°20','12°53','19°  7','27°29','');
/* INSERT QUERY */INSERT INTO Octubre_1960(Dia,Sid_t,Sol,Luna,Mercurio,Venus,Marte,Jupiter,Saturno,Urano,Neptuno,Pluton,Nodo_Verdadero,Nodo_Medio,Lilith,Quiron,Dummy2) VALUES( 'T 27','2 21 25','3°34’21','29°26','24°  0','6°27','14°52','0Capricornio 9','13°10','25°14','8°40','7°38','14°D19','12°50','19°13','27°28','');
/* INSERT QUERY */INSERT INTO Octubre_1960(Dia,Sid_t,Sol,Luna,Mercurio,Venus,Marte,Jupiter,Saturno,Urano,Neptuno,Pluton,Nodo_Verdadero,Nodo_Medio,Lilith,Quiron,Dummy2) VALUES( 'F 28','2 25 21','4°34’15','13Acuario31','24°R 1','7°40','15°  9','0°19','13°14','25°16','8°43','7°39','14°19','12°47','19°20','27°28','');
/* INSERT QUERY */INSERT INTO Octubre_1960(Dia,Sid_t,Sol,Luna,Mercurio,Venus,Marte,Jupiter,Saturno,Urano,Neptuno,Pluton,Nodo_Verdadero,Nodo_Medio,Lilith,Quiron,Dummy2) VALUES( 'S 29','2 29 18','5°34’11','27°27','23°53','8°53','15°25','0°30','13°18','25°18','8°45','7°41','14°20','12°44','19°27','27°27','');
/* INSERT QUERY */INSERT INTO Octubre_1960(Dia,Sid_t,Sol,Luna,Mercurio,Venus,Marte,Jupiter,Saturno,Urano,Neptuno,Pluton,Nodo_Verdadero,Nodo_Medio,Lilith,Quiron,Dummy2) VALUES( 'S 30','2 33 14','6°34’08','11Piscis13','23°36','10°  6','15°41','0°41','13°22','25°20','8°47','7°42','14°R21','12°41','19°33','27°27','');
/* INSERT QUERY */INSERT INTO Octubre_1960(Dia,Sid_t,Sol,Luna,Mercurio,Venus,Marte,Jupiter,Saturno,Urano,Neptuno,Pluton,Nodo_Verdadero,Nodo_Medio,Lilith,Quiron,Dummy2) VALUES( 'M31','2 37 11','7Escorpion34’07','24Piscis50','23Escorpion11','11Sagitario20','15Cancer56','0Capricornio51','13Capricornio26','25Leo21','8Escorpion49','7Virgo43','14Virgo20','12Virgo38','19Cancer40','27Acuario26','');
/* INSERT QUERY */INSERT INTO Octubre_1960(Dia,Sid_t,Sol,Luna,Mercurio,Venus,Marte,Jupiter,Saturno,Urano,Neptuno,Pluton,Nodo_Verdadero,Nodo_Medio,Lilith,Quiron,Dummy2) VALUES( 'Delta T = 33.48 sec.                                                                                                           ','','','','','','','','','','','','','','','','');

/* CREATE TABLE */CREATE TABLE Noviembre_1960(Dia VARCHAR(100),
 Sid_t VARCHAR(100),
 Sol VARCHAR(100),
 Luna VARCHAR(100),
 Mercurio VARCHAR(100),
 Venus VARCHAR(100),
 Marte VARCHAR(100),																	

 Jupiter VARCHAR(100),
 Saturno VARCHAR(100),
 Urano VARCHAR(100),
 Neptuno VARCHAR(100),
 Pluton VARCHAR(100),
 Nodo_Verdadero VARCHAR(100),
 Nodo_Medio VARCHAR(100),
 Lilith VARCHAR(100),
 Quiron VARCHAR(100),
  ID int AUTO_INCREMENT,
Dummy2 VARCHAR(100), primary key (ID));

/* INSERT QUERY */INSERT INTO Noviembre_1960(Dia,Sid_t,Sol,Luna,Mercurio,Venus,Marte,Jupiter,Saturno,Urano,Neptuno,Pluton,Nodo_Verdadero,Nodo_Medio,Lilith,Quiron,Dummy2) VALUES( 'T  1','2 41   7','8Escorpion34’07','8Aries17','22°R35','12Sagitario33','16Cancer11','1Capricornio 2','13Capricornio30','25Leo23','8Escorpion52','7Virgo44','14°R18','12Virgo34','19Cancer47','27°R26','');
/* INSERT QUERY */INSERT INTO Noviembre_1960(Dia,Sid_t,Sol,Luna,Mercurio,Venus,Marte,Jupiter,Saturno,Urano,Neptuno,Pluton,Nodo_Verdadero,Nodo_Medio,Lilith,Quiron,Dummy2) VALUES( 'W 2','2 45   4','9°34’10','21°33','21Escorpion50','13°46','16°25','1°13','13°35','25°25','8°54','7°45','14Virgo13','12°31','19°53','27Acuario25','');
/* INSERT QUERY */INSERT INTO Noviembre_1960(Dia,Sid_t,Sol,Luna,Mercurio,Venus,Marte,Jupiter,Saturno,Urano,Neptuno,Pluton,Nodo_Verdadero,Nodo_Medio,Lilith,Quiron,Dummy2) VALUES( 'T  3','2 49   0','10°34’14','4Tauro38','20°56','14°59','16°38','1°24','13°39','25°26','8°56','7°47','14°  5','12°28','20°  0','27°25','');
/* INSERT QUERY */INSERT INTO Noviembre_1960(Dia,Sid_t,Sol,Luna,Mercurio,Venus,Marte,Jupiter,Saturno,Urano,Neptuno,Pluton,Nodo_Verdadero,Nodo_Medio,Lilith,Quiron,Dummy2) VALUES( 'F   4','2 52 57','11°34’20','17°30','19°54','16°12','16°51','1°35','13°44','25°28','8°58','7°48','13°55','12°25','20°  7','27°25','');
/* INSERT QUERY */INSERT INTO Noviembre_1960(Dia,Sid_t,Sol,Luna,Mercurio,Venus,Marte,Jupiter,Saturno,Urano,Neptuno,Pluton,Nodo_Verdadero,Nodo_Medio,Lilith,Quiron,Dummy2) VALUES( 'S   5','2 56 54','12°34’28','0Geminis 8','18°45','17°25','17°  3','1°46','13°48','25°29','9° 1','7°49','13°44','12°22','20°13','27°25','');
/* INSERT QUERY */INSERT INTO Noviembre_1960(Dia,Sid_t,Sol,Luna,Mercurio,Venus,Marte,Jupiter,Saturno,Urano,Neptuno,Pluton,Nodo_Verdadero,Nodo_Medio,Lilith,Quiron,Dummy2) VALUES( 'S   6','3   0 50','13°34’38','12°33','17°30','18°38','17°14','1°57','13°53','25°31','9° 3','7°50','13°33','12°18','20°20','27°25','');
/* INSERT QUERY */INSERT INTO Noviembre_1960(Dia,Sid_t,Sol,Luna,Mercurio,Venus,Marte,Jupiter,Saturno,Urano,Neptuno,Pluton,Nodo_Verdadero,Nodo_Medio,Lilith,Quiron,Dummy2) VALUES( 'M 7','3   4 47','14°34’49','24°45','16°12','19°51','17°25','2° 9','13°57','25°32','9° 5','7°51','13°23','12°15','20°27','27°D25','');
/* INSERT QUERY */INSERT INTO Noviembre_1960(Dia,Sid_t,Sol,Luna,Mercurio,Venus,Marte,Jupiter,Saturno,Urano,Neptuno,Pluton,Nodo_Verdadero,Nodo_Medio,Lilith,Quiron,Dummy2) VALUES( 'T  8','3   8 43','15°35’03','6Cancer47','14°52','21°  3','17°35','2°20','14°  2','25°33','9° 7','7°52','13°14','12°12','20°34','27°25','');
/* INSERT QUERY */INSERT INTO Noviembre_1960(Dia,Sid_t,Sol,Luna,Mercurio,Venus,Marte,Jupiter,Saturno,Urano,Neptuno,Pluton,Nodo_Verdadero,Nodo_Medio,Lilith,Quiron,Dummy2) VALUES( 'W 9','3 12 40','16°35’19','18°40','13°34','22°16','17°45','2°32','14°  7','25°35','9°10','7°53','13°  7','12°  9','20°40','27°25','');
/* INSERT QUERY */INSERT INTO Noviembre_1960(Dia,Sid_t,Sol,Luna,Mercurio,Venus,Marte,Jupiter,Saturno,Urano,Neptuno,Pluton,Nodo_Verdadero,Nodo_Medio,Lilith,Quiron,Dummy2) VALUES( 'T 10','3 16 36','17°35’36','0Leo30','12°21','23°29','17°53','2°43','14°12','25°36','9°12','7°54','13°  3','12°  6','20°47','27°25','');
/* INSERT QUERY */INSERT INTO Noviembre_1960(Dia,Sid_t,Sol,Luna,Mercurio,Venus,Marte,Jupiter,Saturno,Urano,Neptuno,Pluton,Nodo_Verdadero,Nodo_Medio,Lilith,Quiron,Dummy2) VALUES( 'F 11','3 20 33','18°35’56','12°20','11°13','24°42','18°  1','2°55','14°17','25°37','9°14','7°55','13°  2','12°  3','20°54','27°25','');
/* INSERT QUERY */INSERT INTO Noviembre_1960(Dia,Sid_t,Sol,Luna,Mercurio,Venus,Marte,Jupiter,Saturno,Urano,Neptuno,Pluton,Nodo_Verdadero,Nodo_Medio,Lilith,Quiron,Dummy2) VALUES( 'S 12','3 24 29','19°36’17','24°16','10°14','25°55','18°  9','3° 7','14°22','25°38','9°16','7°56','13°D  2','11°59','21°  0','27°25','');
/* INSERT QUERY */INSERT INTO Noviembre_1960(Dia,Sid_t,Sol,Luna,Mercurio,Venus,Marte,Jupiter,Saturno,Urano,Neptuno,Pluton,Nodo_Verdadero,Nodo_Medio,Lilith,Quiron,Dummy2) VALUES( 'S 13','3 28 26','20°36’41','6Virgo24','9°24','27°  7','18°15','3°19','14°27','25°39','9°19','7°56','13°R  2','11°56','21°  7','27°26','');
/* INSERT QUERY */INSERT INTO Noviembre_1960(Dia,Sid_t,Sol,Luna,Mercurio,Venus,Marte,Jupiter,Saturno,Urano,Neptuno,Pluton,Nodo_Verdadero,Nodo_Medio,Lilith,Quiron,Dummy2) VALUES( 'M14','3 32 23','21°37’06','18°48','8°46','28°20','18°21','3°31','14°32','25°40','9°21','7°57','13°  2','11°53','21°14','27°26','');
/* INSERT QUERY */INSERT INTO Noviembre_1960(Dia,Sid_t,Sol,Luna,Mercurio,Venus,Marte,Jupiter,Saturno,Urano,Neptuno,Pluton,Nodo_Verdadero,Nodo_Medio,Lilith,Quiron,Dummy2) VALUES( 'T 15','3 36 19','22°37’33','1Libra33','8°19','29°33','18°26','3°43','14°37','25°41','9°23','7°58','13°  1','11°50','21°20','27°27','');
/* INSERT QUERY */INSERT INTO Noviembre_1960(Dia,Sid_t,Sol,Luna,Mercurio,Venus,Marte,Jupiter,Saturno,Urano,Neptuno,Pluton,Nodo_Verdadero,Nodo_Medio,Lilith,Quiron,Dummy2) VALUES( 'W16','3 40 16','23°38’02','14°43','8° 4','0Capricornio46','18°30','3°55','14°42','25°42','9°25','7°59','12°57','11°47','21°27','27°27','');
/* INSERT QUERY */INSERT INTO Noviembre_1960(Dia,Sid_t,Sol,Luna,Mercurio,Venus,Marte,Jupiter,Saturno,Urano,Neptuno,Pluton,Nodo_Verdadero,Nodo_Medio,Lilith,Quiron,Dummy2) VALUES( 'T 17','3 44 12','24°38’33','28°20','8°D  1','1°58','18°34','4° 7','14°47','25°43','9°27','8° 0','12°50','11°44','21°34','27°28','');
/* INSERT QUERY */INSERT INTO Noviembre_1960(Dia,Sid_t,Sol,Luna,Mercurio,Venus,Marte,Jupiter,Saturno,Urano,Neptuno,Pluton,Nodo_Verdadero,Nodo_Medio,Lilith,Quiron,Dummy2) VALUES( 'F 18','3 48   9','25°39’06','12Escorpion23','8° 8','3°11','18°36','4°19','14°53','25°43','9°30','8° 0','12°41','11°40','21°40','27°28','');
/* INSERT QUERY */INSERT INTO Noviembre_1960(Dia,Sid_t,Sol,Luna,Mercurio,Venus,Marte,Jupiter,Saturno,Urano,Neptuno,Pluton,Nodo_Verdadero,Nodo_Medio,Lilith,Quiron,Dummy2) VALUES( 'S 19','3 52   5','26°39’40','26°47','8°26','4°23','18°38','4°31','14°58','25°44','9°32','8° 1','12°30','11°37','21°47','27°29','');
/* INSERT QUERY */INSERT INTO Noviembre_1960(Dia,Sid_t,Sol,Luna,Mercurio,Venus,Marte,Jupiter,Saturno,Urano,Neptuno,Pluton,Nodo_Verdadero,Nodo_Medio,Lilith,Quiron,Dummy2) VALUES( 'S 20','3 56   2','27°40’16','11Sagitario28','8°53','5°36','18°39','4°44','15°  4','25°45','9°34','8° 2','12°18','11°34','21°54','27°30','');
/* INSERT QUERY */INSERT INTO Noviembre_1960(Dia,Sid_t,Sol,Luna,Mercurio,Venus,Marte,Jupiter,Saturno,Urano,Neptuno,Pluton,Nodo_Verdadero,Nodo_Medio,Lilith,Quiron,Dummy2) VALUES( 'M21','3 59 58','28°40’53','26°17','9°29','6°48','18°R39','4°56','15°  9','25°45','9°36','8° 2','12°  7','11°31','22°  1','27°31','');
/* INSERT QUERY */INSERT INTO Noviembre_1960(Dia,Sid_t,Sol,Luna,Mercurio,Venus,Marte,Jupiter,Saturno,Urano,Neptuno,Pluton,Nodo_Verdadero,Nodo_Medio,Lilith,Quiron,Dummy2) VALUES( 'T 22','4   3 55','29°41’32','11Capricornio 4','10°12','8° 1','18°39','5° 9','15°15','25°46','9°38','8° 3','11°58','11°28','22°  7','27°31','');
/* INSERT QUERY */INSERT INTO Noviembre_1960(Dia,Sid_t,Sol,Luna,Mercurio,Venus,Marte,Jupiter,Saturno,Urano,Neptuno,Pluton,Nodo_Verdadero,Nodo_Medio,Lilith,Quiron,Dummy2) VALUES( 'W23','4   7 52','0Sagitario42’12','25°43','11°  2','9°13','18°37','5°21','15°21','25°46','9°40','8° 3','11°51','11°24','22°14','27°32','');
/* INSERT QUERY */INSERT INTO Noviembre_1960(Dia,Sid_t,Sol,Luna,Mercurio,Venus,Marte,Jupiter,Saturno,Urano,Neptuno,Pluton,Nodo_Verdadero,Nodo_Medio,Lilith,Quiron,Dummy2) VALUES( 'T 24','4 11 48','1°42’53','10Acuario 9','11°58','10°25','18°35','5°34','15°26','25°47','9°42','8° 4','11°48','11°21','22°21','27°33','');
/* INSERT QUERY */INSERT INTO Noviembre_1960(Dia,Sid_t,Sol,Luna,Mercurio,Venus,Marte,Jupiter,Saturno,Urano,Neptuno,Pluton,Nodo_Verdadero,Nodo_Medio,Lilith,Quiron,Dummy2) VALUES( 'F 25','4 15 45','2°43’35','24°18','13°  0','11°38','18°31','5°46','15°32','25°47','9°45','8° 4','11°46','11°18','22°27','27°34','');
/* INSERT QUERY */INSERT INTO Noviembre_1960(Dia,Sid_t,Sol,Luna,Mercurio,Venus,Marte,Jupiter,Saturno,Urano,Neptuno,Pluton,Nodo_Verdadero,Nodo_Medio,Lilith,Quiron,Dummy2) VALUES( 'S 26','4 19 41','3°44’18','8Piscis 9','14°  5','12°50','18°27','5°59','15°38','25°48','9°47','8° 5','11°46','11°15','22°34','27°36','');
/* INSERT QUERY */INSERT INTO Noviembre_1960(Dia,Sid_t,Sol,Luna,Mercurio,Venus,Marte,Jupiter,Saturno,Urano,Neptuno,Pluton,Nodo_Verdadero,Nodo_Medio,Lilith,Quiron,Dummy2) VALUES( 'S 27','4 23 38','4°45’02','21°44','15°15','14°  2','18°23','6°12','15°44','25°48','9°49','8° 5','11°46','11°12','22°41','27°37','');
/* INSERT QUERY */INSERT INTO Noviembre_1960(Dia,Sid_t,Sol,Luna,Mercurio,Venus,Marte,Jupiter,Saturno,Urano,Neptuno,Pluton,Nodo_Verdadero,Nodo_Medio,Lilith,Quiron,Dummy2) VALUES( 'M28','4 27 34','5°45’47','5Aries 3','16°28','15°14','18°17','6°25','15°50','25°48','9°51','8° 6','11°45','11°  9','22°47','27°38','');
/* INSERT QUERY */INSERT INTO Noviembre_1960(Dia,Sid_t,Sol,Luna,Mercurio,Venus,Marte,Jupiter,Saturno,Urano,Neptuno,Pluton,Nodo_Verdadero,Nodo_Medio,Lilith,Quiron,Dummy2) VALUES( 'T 29','4 31 31','6°46’33','18°10','17°44','16°26','18°10','6°38','15°56','25°48','9°53','8° 6','11°40','11°  5','22°54','27°39','');
/* INSERT QUERY */INSERT INTO Noviembre_1960(Dia,Sid_t,Sol,Luna,Mercurio,Venus,Marte,Jupiter,Saturno,Urano,Neptuno,Pluton,Nodo_Verdadero,Nodo_Medio,Lilith,Quiron,Dummy2) VALUES( 'W30','4 35 27','7Sagitario47’20','1Tauro 4','19Escorpion 2','17Capricornio38','18Cancer 3','6Capricornio51','16Capricornio 2','25Leo48','9Escorpion55','8Virgo 6','11Virgo33','11Virgo 2','23Cancer 1','27Acuario41','');
/* INSERT QUERY */INSERT INTO Noviembre_1960(Dia,Sid_t,Sol,Luna,Mercurio,Venus,Marte,Jupiter,Saturno,Urano,Neptuno,Pluton,Nodo_Verdadero,Nodo_Medio,Lilith,Quiron,Dummy2) VALUES( 'Delta T = 33.52 sec.','','','','','','','','','','','','','','','','');

/* CREATE TABLE */CREATE TABLE Diciembre_1960(Dia VARCHAR(100),
 Sid_t VARCHAR(100),
 Sol VARCHAR(100),
 Luna VARCHAR(100),
 Mercurio VARCHAR(100),
 Venus VARCHAR(100),
 Marte VARCHAR(100),																	

 Jupiter VARCHAR(100),
 Saturno VARCHAR(100),
 Urano VARCHAR(100),
 Neptuno VARCHAR(100),
 Pluton VARCHAR(100),
 Nodo_Verdadero VARCHAR(100),
 Nodo_Medio VARCHAR(100),
 Lilith VARCHAR(100),
 Quiron VARCHAR(100),
  ID int AUTO_INCREMENT,
Dummy2 VARCHAR(100), primary key (ID));


/* INSERT QUERY */INSERT INTO Diciembre_1960(Dia,Sid_t,Sol,Luna,Mercurio,Venus,Marte,Jupiter,Saturno,Urano,Neptuno,Pluton,Nodo_Verdadero,Nodo_Medio,Lilith,Quiron,Dummy2) VALUES( 'T  1','4 39 24','8Sagitario48’08','13Tauro48','20Escorpion23','18Capricornio50','17°R54','7Capricornio 4','16Capricornio 8','25°R48','9Escorpion57','8Virgo 7','11°R23','10Virgo59','23Cancer 7','27Acuario42','');
/* INSERT QUERY */INSERT INTO Diciembre_1960(Dia,Sid_t,Sol,Luna,Mercurio,Venus,Marte,Jupiter,Saturno,Urano,Neptuno,Pluton,Nodo_Verdadero,Nodo_Medio,Lilith,Quiron,Dummy2) VALUES( 'F   2','4 43 21','9°48’57','26°22','21°45','20°  2','17Cancer45','7°17','16°14','25 Leo 49','9°59','8°  7','11Virgo11','10°56','23°14','27°44','');
/* INSERT QUERY */INSERT INTO Diciembre_1960(Dia,Sid_t,Sol,Luna,Mercurio,Venus,Marte,Jupiter,Saturno,Urano,Neptuno,Pluton,Nodo_Verdadero,Nodo_Medio,Lilith,Quiron,Dummy2) VALUES( 'S   3','4 47 17','10°49’47','8Geminis45','23°  9','21°14','17°35','7°30','16°20','25°48','10°  1','8°  7','10°56','10°53','23°21','27°45','');
/* INSERT QUERY */INSERT INTO Diciembre_1960(Dia,Sid_t,Sol,Luna,Mercurio,Venus,Marte,Jupiter,Saturno,Urano,Neptuno,Pluton,Nodo_Verdadero,Nodo_Medio,Lilith,Quiron,Dummy2) VALUES( 'S   4','4 51 14','11°50’38','21°  0','24°34','22°26','17°24','7°43','16°27','25°48','10°  3','8°  7','10°42','10°50','23°28','27°47','');
/* INSERT QUERY */INSERT INTO Diciembre_1960(Dia,Sid_t,Sol,Luna,Mercurio,Venus,Marte,Jupiter,Saturno,Urano,Neptuno,Pluton,Nodo_Verdadero,Nodo_Medio,Lilith,Quiron,Dummy2) VALUES( 'M 5','4 55 10','12°51’31','3Cancer 4','26°  0','23°37','17°13','7°56','16°33','25°48','10°  5','8°  8','10°28','10°46','23°34','27°48','');
/* INSERT QUERY */INSERT INTO Diciembre_1960(Dia,Sid_t,Sol,Luna,Mercurio,Venus,Marte,Jupiter,Saturno,Urano,Neptuno,Pluton,Nodo_Verdadero,Nodo_Medio,Lilith,Quiron,Dummy2) VALUES( 'T  6','4 59   7','13°52’25','15°  1','27°27','24°49','17°  0','8°  9','16°39','25°48','10°  7','8°  8','10°16','10°43','23°41','27°50','');
/* INSERT QUERY */INSERT INTO Diciembre_1960(Dia,Sid_t,Sol,Luna,Mercurio,Venus,Marte,Jupiter,Saturno,Urano,Neptuno,Pluton,Nodo_Verdadero,Nodo_Medio,Lilith,Quiron,Dummy2) VALUES( 'W 7','5   3   3','14°53’19','26°53','28°55','26°  0','16°47','8°23','16°46','25°47','10°  9','8°  8','10°  6','10°40','23°48','27°52','');
/* INSERT QUERY */INSERT INTO Diciembre_1960(Dia,Sid_t,Sol,Luna,Mercurio,Venus,Marte,Jupiter,Saturno,Urano,Neptuno,Pluton,Nodo_Verdadero,Nodo_Medio,Lilith,Quiron,Dummy2) VALUES( 'T  8','5   7   0','15°54’15','8 Leo 41','0Sagitario24','27°12','16°33','8°36','16°52','25°47','10°11','8°  8','10°  0','10°37','23°54','27°54','');
/* INSERT QUERY */INSERT INTO Diciembre_1960(Dia,Sid_t,Sol,Luna,Mercurio,Venus,Marte,Jupiter,Saturno,Urano,Neptuno,Pluton,Nodo_Verdadero,Nodo_Medio,Lilith,Quiron,Dummy2) VALUES( 'F   9','5 10 56','16°55’13','20°29','1°53','28°23','16°18','8°49','16°58','25°47','10°13','8°  8','9°57','10°34','24°  1','27°55','');
/* INSERT QUERY */INSERT INTO Diciembre_1960(Dia,Sid_t,Sol,Luna,Mercurio,Venus,Marte,Jupiter,Saturno,Urano,Neptuno,Pluton,Nodo_Verdadero,Nodo_Medio,Lilith,Quiron,Dummy2) VALUES( 'S 10','5 14 53','17°56’11','2Virgo23','3°23','29°35','16°  2','9°  3','17°  5','25°46','10°15','8°R  8','9°55','10°30','24°  8','27°57','');
/* INSERT QUERY */INSERT INTO Diciembre_1960(Dia,Sid_t,Sol,Luna,Mercurio,Venus,Marte,Jupiter,Saturno,Urano,Neptuno,Pluton,Nodo_Verdadero,Nodo_Medio,Lilith,Quiron,Dummy2) VALUES( 'S 11','5 18 50','18°57’10','14°27','4°53','0Acuario46','15°46','9°16','17°11','25°46','10°16','8°  8','9°55','10°27','24°14','27°59','');
/* INSERT QUERY */INSERT INTO Diciembre_1960(Dia,Sid_t,Sol,Luna,Mercurio,Venus,Marte,Jupiter,Saturno,Urano,Neptuno,Pluton,Nodo_Verdadero,Nodo_Medio,Lilith,Quiron,Dummy2) VALUES( ' M12','5 22 46','19°58’11','26°47','6°24','1°57','15°29','9°30','17°18','25°45','10°18','8°  8','9°55','10°24','24°21','28°  1','');
/* INSERT QUERY */INSERT INTO Diciembre_1960(Dia,Sid_t,Sol,Luna,Mercurio,Venus,Marte,Jupiter,Saturno,Urano,Neptuno,Pluton,Nodo_Verdadero,Nodo_Medio,Lilith,Quiron,Dummy2) VALUES( ' T 13','5 26 43','20°59’12','9Libra28','7°55','3°  8','15°11','9°43','17°25','25°44','10°20','8°  8','9°54','10°21','24°28','28°  3','');
/* INSERT QUERY */INSERT INTO Diciembre_1960(Dia,Sid_t,Sol,Luna,Mercurio,Venus,Marte,Jupiter,Saturno,Urano,Neptuno,Pluton,Nodo_Verdadero,Nodo_Medio,Lilith,Quiron,Dummy2) VALUES( ' W 14','5 30 39','22° 0’15','22°34','9°26','4°19','14°52','9°57','17°31','25°44','10°22','8°  8','9°50','10°18','24°34','28°  6','');
/* INSERT QUERY */INSERT INTO Diciembre_1960(Dia,Sid_t,Sol,Luna,Mercurio,Venus,Marte,Jupiter,Saturno,Urano,Neptuno,Pluton,Nodo_Verdadero,Nodo_Medio,Lilith,Quiron,Dummy2) VALUES( ' T 15','5 34 36','23° 1’18','6Escorpion10','10°57','5°30','14°33','10°11','17°38','25°43','10°24','8°  8','9°44','10°15','24°41','28°  8','');
/* INSERT QUERY */INSERT INTO Diciembre_1960(Dia,Sid_t,Sol,Luna,Mercurio,Venus,Marte,Jupiter,Saturno,Urano,Neptuno,Pluton,Nodo_Verdadero,Nodo_Medio,Lilith,Quiron,Dummy2) VALUES( 'F 16','5 38 32','24° 2’23','20°16','12°29','6°41','14°13','10°24','17°45','25°42','10°25','8°  7','9°36','10°11','24°48','28°10','');
/* INSERT QUERY */INSERT INTO Diciembre_1960(Dia,Sid_t,Sol,Luna,Mercurio,Venus,Marte,Jupiter,Saturno,Urano,Neptuno,Pluton,Nodo_Verdadero,Nodo_Medio,Lilith,Quiron,Dummy2) VALUES( 'S 17','5 42 29','25° 3’28','4Sagitario50','14°  1','7°51','13°53','10°38','17°51','25°41','10°27','8°  7','9°25','10°  8','24°54','28°12','');
/* INSERT QUERY */INSERT INTO Diciembre_1960(Dia,Sid_t,Sol,Luna,Mercurio,Venus,Marte,Jupiter,Saturno,Urano,Neptuno,Pluton,Nodo_Verdadero,Nodo_Medio,Lilith,Quiron,Dummy2) VALUES( 'S 18','5 46 25','26° 4’35','19°45','15°33','9°  2','13°32','10°52','17°58','25°41','10°29','8°  7','9°14','10°  5','25°  1','28°15','');
/* INSERT QUERY */INSERT INTO Diciembre_1960(Dia,Sid_t,Sol,Luna,Mercurio,Venus,Marte,Jupiter,Saturno,Urano,Neptuno,Pluton,Nodo_Verdadero,Nodo_Medio,Lilith,Quiron,Dummy2) VALUES( ' M 19 ','5 50 22','27° 5’42','4Capricornio53','17°  5','10°12','13°10','11°  5','18°  5','25°40','10°31','8°  7','9°  3','10°  2','25°  8','28°17','');
/* INSERT QUERY */INSERT INTO Diciembre_1960(Dia,Sid_t,Sol,Luna,Mercurio,Venus,Marte,Jupiter,Saturno,Urano,Neptuno,Pluton,Nodo_Verdadero,Nodo_Medio,Lilith,Quiron,Dummy2) VALUES( 'T 20','5 54 19','28° 6’49','20°  4','18°38','11°23','12°48','11°19','18°12','25°39','10°32','8°  6','8°54','9°59','25°14','28°20','');
/* INSERT QUERY */INSERT INTO Diciembre_1960(Dia,Sid_t,Sol,Luna,Mercurio,Venus,Marte,Jupiter,Saturno,Urano,Neptuno,Pluton,Nodo_Verdadero,Nodo_Medio,Lilith,Quiron,Dummy2) VALUES( ' W 21','5 58 15','29° 7’57','5Acuario 7','20°11','12°33','12°26','11°33','18°18','25°38','10°34','8°  6','8°47','9°56','25°21','28°22','');
/* INSERT QUERY */INSERT INTO Diciembre_1960(Dia,Sid_t,Sol,Luna,Mercurio,Venus,Marte,Jupiter,Saturno,Urano,Neptuno,Pluton,Nodo_Verdadero,Nodo_Medio,Lilith,Quiron,Dummy2) VALUES( ' T 22','6   2 12','0Capricornio 9’05','19°53','21°43','13°43','12°  4','11°47','18°25','25°36','10°35','8°  6','8°43','9°52','25°28','28°25','');
/* INSERT QUERY */INSERT INTO Diciembre_1960(Dia,Sid_t,Sol,Luna,Mercurio,Venus,Marte,Jupiter,Saturno,Urano,Neptuno,Pluton,Nodo_Verdadero,Nodo_Medio,Lilith,Quiron,Dummy2) VALUES( ' F 23','6   6   8','1°10’14','4Piscis17','23°17','14°53','11°41','12°  0','18°32','25°35','10°37','8°  5','8°D42','9°49','25°35','28°27','');
/* INSERT QUERY */INSERT INTO Diciembre_1960(Dia,Sid_t,Sol,Luna,Mercurio,Venus,Marte,Jupiter,Saturno,Urano,Neptuno,Pluton,Nodo_Verdadero,Nodo_Medio,Lilith,Quiron,Dummy2) VALUES( 'S 24','6 10   5','2°11’22','18°18','24°50','16°  3','11°17','12°14','18°39','25°34','10°39','8°  5','8°42','9°46','25°41','28°30','');
/* INSERT QUERY */INSERT INTO Diciembre_1960(Dia,Sid_t,Sol,Luna,Mercurio,Venus,Marte,Jupiter,Saturno,Urano,Neptuno,Pluton,Nodo_Verdadero,Nodo_Medio,Lilith,Quiron,Dummy2) VALUES( 'S 25','6 14   1','3°12’30','1Aries55','26°23','17°13','10°54','12°28','18°46','25°33','10°40','8°  5','8°R42','9°43','25°48','28°32','');
/* INSERT QUERY */INSERT INTO Diciembre_1960(Dia,Sid_t,Sol,Luna,Mercurio,Venus,Marte,Jupiter,Saturno,Urano,Neptuno,Pluton,Nodo_Verdadero,Nodo_Medio,Lilith,Quiron,Dummy2) VALUES( ' M 26 ','6 17 58','4°13’39','15°11','27°57','18°22','10°30','12°42','18°53','25°32','10°42','8°  4','8°42','9°40','25°55','28°35','');
/* INSERT QUERY */INSERT INTO Diciembre_1960(Dia,Sid_t,Sol,Luna,Mercurio,Venus,Marte,Jupiter,Saturno,Urano,Neptuno,Pluton,Nodo_Verdadero,Nodo_Medio,Lilith,Quiron,Dummy2) VALUES( 'T 27','6 21 54','5°14’47','28°  8','29°31','19°32','10°  6','12°56','19°  0','25°30','10°43','8°  4','8°39','9°36','26°  1','28°38','');
/* INSERT QUERY */INSERT INTO Diciembre_1960(Dia,Sid_t,Sol,Luna,Mercurio,Venus,Marte,Jupiter,Saturno,Urano,Neptuno,Pluton,Nodo_Verdadero,Nodo_Medio,Lilith,Quiron,Dummy2) VALUES( ' W 28','6 25 51','6°15’56','10Tauro49','1Capricornio 5','20°41','9°43','13°10','19°  7','25°29','10°45','8°  3','8°34','9°33','26°  8','28°41','');
/* INSERT QUERY */INSERT INTO Diciembre_1960(Dia,Sid_t,Sol,Luna,Mercurio,Venus,Marte,Jupiter,Saturno,Urano,Neptuno,Pluton,Nodo_Verdadero,Nodo_Medio,Lilith,Quiron,Dummy2) VALUES( ' T 29','6 29 48','7°17’04','23°18','2°40','21°50','9°19','13°24','19°14','25°27','10°46','8°  2','8°26','9°30','26°15','28°44','');
/* INSERT QUERY */INSERT INTO Diciembre_1960(Dia,Sid_t,Sol,Luna,Mercurio,Venus,Marte,Jupiter,Saturno,Urano,Neptuno,Pluton,Nodo_Verdadero,Nodo_Medio,Lilith,Quiron,Dummy2) VALUES( 'F 30','6 33 44','8°18’13','5Geminis37','4°15','22°59','8°55','13°38','19°21','25°26','10°47','8°  2','8°16','9°27','26°21','28°47','');
/* INSERT QUERY */INSERT INTO Diciembre_1960(Dia,Sid_t,Sol,Luna,Mercurio,Venus,Marte,Jupiter,Saturno,Urano,Neptuno,Pluton,Nodo_Verdadero,Nodo_Medio,Lilith,Quiron,Dummy2) VALUES( 'S 31','6 37 41','9Capricornio19’21','17Geminis46','5Capricornio50','24Acuario 8','8Cancer31','13Capricornio51','19Capricornio28','25 Leo 25','10Escorpion49','8Virgo 1','8Virgo 5','9Virgo24','26Cancer28','28Acuario49','');
/* INSERT QUERY */INSERT INTO Diciembre_1960(Dia,Sid_t,Sol,Luna,Mercurio,Venus,Marte,Jupiter,Saturno,Urano,Neptuno,Pluton,Nodo_Verdadero,Nodo_Medio,Lilith,Quiron,Dummy2) VALUES( 'Delta T = 33.55 sec.         ','','','','','','','','','','','','','','','','');
